experiment_id,measurement_type,x,value,sample_std
648a583d-b5c5-4d0c-8dfb-f0f8ce263bcc,SPREAD,1.0,0.9777903481607404,0.0132963260680163
648a583d-b5c5-4d0c-8dfb-f0f8ce263bcc,SPREAD,249.0,0.9577363357460432,0.0227281428693438
648a583d-b5c5-4d0c-8dfb-f0f8ce263bcc,SPREAD,499.0,0.9318218820625656,0.0277992794339734
648a583d-b5c5-4d0c-8dfb-f0f8ce263bcc,SPREAD,749.0,0.90346927613162,0.0386018302157233
648a583d-b5c5-4d0c-8dfb-f0f8ce263bcc,SPREAD,999.0,0.8713254569187867,0.0437391330825781
648a583d-b5c5-4d0c-8dfb-f0f8ce263bcc,SPREAD,1249.0,0.8327428317948666,0.0507575964903429
648a583d-b5c5-4d0c-8dfb-f0f8ce263bcc,SPREAD,1499.0,0.7918606032456392,0.0550639255052111
648a583d-b5c5-4d0c-8dfb-f0f8ce263bcc,SPREAD,1749.0,0.7553791261051346,0.0667007285648534
648a583d-b5c5-4d0c-8dfb-f0f8ce263bcc,SPREAD,1999.0,0.7155866013134317,0.0785554109305222
648a583d-b5c5-4d0c-8dfb-f0f8ce263bcc,SPREAD,2249.0,0.6815604724230925,0.0900450002349517
648a583d-b5c5-4d0c-8dfb-f0f8ce263bcc,SPREAD,2499.0,0.6526284293812165,0.0960159130721188
648a583d-b5c5-4d0c-8dfb-f0f8ce263bcc,SPREAD,2749.0,0.629376810347231,0.102490281626817
648a583d-b5c5-4d0c-8dfb-f0f8ce263bcc,SPREAD,2999.0,0.6119635297859741,0.1045703549501929
648a583d-b5c5-4d0c-8dfb-f0f8ce263bcc,SPREAD,3249.0,0.5972585685901708,0.1064721944454748
648a583d-b5c5-4d0c-8dfb-f0f8ce263bcc,SPREAD,3499.0,0.5873192786727274,0.1093292202332452
648a583d-b5c5-4d0c-8dfb-f0f8ce263bcc,SPREAD,3749.0,0.5810864465186313,0.1106416075647486
648a583d-b5c5-4d0c-8dfb-f0f8ce263bcc,SPREAD,3999.0,0.5742967000335509,0.1118261141844876
648a583d-b5c5-4d0c-8dfb-f0f8ce263bcc,SPREAD,4249.0,0.5699271981743722,0.1127458445922211
648a583d-b5c5-4d0c-8dfb-f0f8ce263bcc,SPREAD,4499.0,0.5673138835475822,0.1126187457702964
648a583d-b5c5-4d0c-8dfb-f0f8ce263bcc,SPREAD,4749.0,0.5643383030232263,0.1126879148398764
648a583d-b5c5-4d0c-8dfb-f0f8ce263bcc,SPREAD,4999.0,0.5633354172383735,0.1128908167029671
648a583d-b5c5-4d0c-8dfb-f0f8ce263bcc,SPREAD,5249.0,0.5616417391973242,0.1121036023619573
648a583d-b5c5-4d0c-8dfb-f0f8ce263bcc,SPREAD,5499.0,0.5609953163137026,0.1122713006305484
648a583d-b5c5-4d0c-8dfb-f0f8ce263bcc,SPREAD,5749.0,0.5603987166741431,0.1122688240751872
648a583d-b5c5-4d0c-8dfb-f0f8ce263bcc,SPREAD,5999.0,0.5597871371324524,0.1120688129623922
648a583d-b5c5-4d0c-8dfb-f0f8ce263bcc,SPREAD,6249.0,0.5593640458955191,0.1119099490129268
648a583d-b5c5-4d0c-8dfb-f0f8ce263bcc,SPREAD,6499.0,0.5592148688604507,0.111903824059443
648a583d-b5c5-4d0c-8dfb-f0f8ce263bcc,SPREAD,6749.0,0.5589360288838402,0.1116959162040812
648a583d-b5c5-4d0c-8dfb-f0f8ce263bcc,SPREAD,6999.0,0.5586423951141232,0.1113057165426562
648a583d-b5c5-4d0c-8dfb-f0f8ce263bcc,SPREAD,7249.0,0.5584498946749908,0.1111479132660284
648a583d-b5c5-4d0c-8dfb-f0f8ce263bcc,SPREAD,7499.0,0.5581583915261012,0.1107575803692197
648a583d-b5c5-4d0c-8dfb-f0f8ce263bcc,SPREAD,7749.0,0.5579941640424584,0.1105670831177049
648a583d-b5c5-4d0c-8dfb-f0f8ce263bcc,SPREAD,7999.0,0.5578708419682628,0.1103745189198748
648a583d-b5c5-4d0c-8dfb-f0f8ce263bcc,SPREAD,8249.0,0.5574329830194702,0.1097174671680749
648a583d-b5c5-4d0c-8dfb-f0f8ce263bcc,SPREAD,8499.0,0.5573809565362635,0.1096491422655576
648a583d-b5c5-4d0c-8dfb-f0f8ce263bcc,SPREAD,8749.0,0.5573716620056978,0.1096473573534018
648a583d-b5c5-4d0c-8dfb-f0f8ce263bcc,SPREAD,8999.0,0.5573630289335405,0.1096437115548894
648a583d-b5c5-4d0c-8dfb-f0f8ce263bcc,SPREAD,9249.0,0.5573484764070054,0.1096308040240005
648a583d-b5c5-4d0c-8dfb-f0f8ce263bcc,SPREAD,9499.0,0.5573256613940929,0.1096069185167076
648a583d-b5c5-4d0c-8dfb-f0f8ce263bcc,SPREAD,9749.0,0.5572478274860666,0.1094815736156062
648a583d-b5c5-4d0c-8dfb-f0f8ce263bcc,SPREAD,9999.0,0.5572284484238486,0.1094590488676793
648a583d-b5c5-4d0c-8dfb-f0f8ce263bcc,DISPERSION,1.0,0.0823811422599059,0.0085110729868135
648a583d-b5c5-4d0c-8dfb-f0f8ce263bcc,DISPERSION,249.0,0.0787672603042944,0.0085751479442736
648a583d-b5c5-4d0c-8dfb-f0f8ce263bcc,DISPERSION,499.0,0.0751197726984359,0.0087615054903304
648a583d-b5c5-4d0c-8dfb-f0f8ce263bcc,DISPERSION,749.0,0.0717409588554528,0.0090482617200695
648a583d-b5c5-4d0c-8dfb-f0f8ce263bcc,DISPERSION,999.0,0.0686180793277649,0.0093831713604914
648a583d-b5c5-4d0c-8dfb-f0f8ce263bcc,DISPERSION,1249.0,0.0658772061398534,0.0096613399503038
648a583d-b5c5-4d0c-8dfb-f0f8ce263bcc,DISPERSION,1499.0,0.0636121961268768,0.0100063556131178
648a583d-b5c5-4d0c-8dfb-f0f8ce263bcc,DISPERSION,1749.0,0.0615934862909868,0.0105104768637134
648a583d-b5c5-4d0c-8dfb-f0f8ce263bcc,DISPERSION,1999.0,0.0601433682594548,0.0109427160558473
648a583d-b5c5-4d0c-8dfb-f0f8ce263bcc,DISPERSION,2249.0,0.059096117023656,0.0113611467072547
648a583d-b5c5-4d0c-8dfb-f0f8ce263bcc,DISPERSION,2499.0,0.0583631557788835,0.0116419642553102
648a583d-b5c5-4d0c-8dfb-f0f8ce263bcc,DISPERSION,2749.0,0.057856850051986,0.0118461020806239
648a583d-b5c5-4d0c-8dfb-f0f8ce263bcc,DISPERSION,2999.0,0.0575338092589951,0.011973786535012
648a583d-b5c5-4d0c-8dfb-f0f8ce263bcc,DISPERSION,3249.0,0.0573112264328668,0.0120010086899202
648a583d-b5c5-4d0c-8dfb-f0f8ce263bcc,DISPERSION,3499.0,0.0571567167596232,0.0120036364668827
648a583d-b5c5-4d0c-8dfb-f0f8ce263bcc,DISPERSION,3749.0,0.0570829392140894,0.011989302660945
648a583d-b5c5-4d0c-8dfb-f0f8ce263bcc,DISPERSION,3999.0,0.0570095253660152,0.011951420154659
648a583d-b5c5-4d0c-8dfb-f0f8ce263bcc,DISPERSION,4249.0,0.0569700482567727,0.0119308567337007
648a583d-b5c5-4d0c-8dfb-f0f8ce263bcc,DISPERSION,4499.0,0.0569256683224895,0.0119053316005311
648a583d-b5c5-4d0c-8dfb-f0f8ce263bcc,DISPERSION,4749.0,0.0568876978700706,0.011884270660862
648a583d-b5c5-4d0c-8dfb-f0f8ce263bcc,DISPERSION,4999.0,0.0568715687327443,0.0118786816510262
648a583d-b5c5-4d0c-8dfb-f0f8ce263bcc,DISPERSION,5249.0,0.0568602400631337,0.0118766579874026
648a583d-b5c5-4d0c-8dfb-f0f8ce263bcc,DISPERSION,5499.0,0.0568566559689749,0.0118747937050639
648a583d-b5c5-4d0c-8dfb-f0f8ce263bcc,DISPERSION,5749.0,0.0568551954190538,0.0118748262570805
648a583d-b5c5-4d0c-8dfb-f0f8ce263bcc,DISPERSION,5999.0,0.0568542686724157,0.0118744114791795
648a583d-b5c5-4d0c-8dfb-f0f8ce263bcc,DISPERSION,6249.0,0.0568538924992985,0.0118743655183889
648a583d-b5c5-4d0c-8dfb-f0f8ce263bcc,DISPERSION,6499.0,0.0568538154204393,0.0118743784098312
648a583d-b5c5-4d0c-8dfb-f0f8ce263bcc,DISPERSION,6749.0,0.0568535978111979,0.0118744112330604
648a583d-b5c5-4d0c-8dfb-f0f8ce263bcc,DISPERSION,6999.0,0.056853163602954,0.0118745250393019
648a583d-b5c5-4d0c-8dfb-f0f8ce263bcc,DISPERSION,7249.0,0.0568530656259281,0.0118745196517765
648a583d-b5c5-4d0c-8dfb-f0f8ce263bcc,DISPERSION,7499.0,0.0568528482899071,0.0118744423729731
648a583d-b5c5-4d0c-8dfb-f0f8ce263bcc,DISPERSION,7749.0,0.0568524153959509,0.0118741259239686
648a583d-b5c5-4d0c-8dfb-f0f8ce263bcc,DISPERSION,7999.0,0.0568523747384691,0.0118741226331288
648a583d-b5c5-4d0c-8dfb-f0f8ce263bcc,DISPERSION,8249.0,0.0568521214024872,0.0118741445543437
648a583d-b5c5-4d0c-8dfb-f0f8ce263bcc,DISPERSION,8499.0,0.0568520725666869,0.0118741420846732
648a583d-b5c5-4d0c-8dfb-f0f8ce263bcc,DISPERSION,8749.0,0.0568520048589161,0.0118740319500738
648a583d-b5c5-4d0c-8dfb-f0f8ce263bcc,DISPERSION,8999.0,0.0568519992863093,0.0118740249910515
648a583d-b5c5-4d0c-8dfb-f0f8ce263bcc,DISPERSION,9249.0,0.0568519966714936,0.0118740238814812
648a583d-b5c5-4d0c-8dfb-f0f8ce263bcc,DISPERSION,9499.0,0.0568519619023061,0.0118739854224234
648a583d-b5c5-4d0c-8dfb-f0f8ce263bcc,DISPERSION,9749.0,0.0568518728410042,0.0118739844684167
648a583d-b5c5-4d0c-8dfb-f0f8ce263bcc,DISPERSION,9999.0,0.0568518645528202,0.0118739890055663
648a583d-b5c5-4d0c-8dfb-f0f8ce263bcc,COVERED_BINS,1.0,1.0,0.0
648a583d-b5c5-4d0c-8dfb-f0f8ce263bcc,COVERED_BINS,249.0,1.0,0.0
648a583d-b5c5-4d0c-8dfb-f0f8ce263bcc,COVERED_BINS,499.0,0.9975,0.0158113883008418
648a583d-b5c5-4d0c-8dfb-f0f8ce263bcc,COVERED_BINS,749.0,0.9825,0.0446496331853884
648a583d-b5c5-4d0c-8dfb-f0f8ce263bcc,COVERED_BINS,999.0,0.9475,0.064001201911791
648a583d-b5c5-4d0c-8dfb-f0f8ce263bcc,COVERED_BINS,1249.0,0.8925000000000001,0.0971055465948633
648a583d-b5c5-4d0c-8dfb-f0f8ce263bcc,COVERED_BINS,1499.0,0.8300000000000001,0.093917585257037
648a583d-b5c5-4d0c-8dfb-f0f8ce263bcc,COVERED_BINS,1749.0,0.7550000000000001,0.1060962311131279
648a583d-b5c5-4d0c-8dfb-f0f8ce263bcc,COVERED_BINS,1999.0,0.6725,0.1109111448470443
648a583d-b5c5-4d0c-8dfb-f0f8ce263bcc,COVERED_BINS,2249.0,0.6300000000000001,0.1244474969100603
648a583d-b5c5-4d0c-8dfb-f0f8ce263bcc,COVERED_BINS,2499.0,0.5425,0.1393896953848711
648a583d-b5c5-4d0c-8dfb-f0f8ce263bcc,COVERED_BINS,2749.0,0.4824999999999999,0.1483023591976531
648a583d-b5c5-4d0c-8dfb-f0f8ce263bcc,COVERED_BINS,2999.0,0.4524999999999999,0.1449801047358939
648a583d-b5c5-4d0c-8dfb-f0f8ce263bcc,COVERED_BINS,3249.0,0.4075,0.1366025490620742
648a583d-b5c5-4d0c-8dfb-f0f8ce263bcc,COVERED_BINS,3499.0,0.3575,0.1195879678365764
648a583d-b5c5-4d0c-8dfb-f0f8ce263bcc,COVERED_BINS,3749.0,0.3299999999999999,0.1181046906296187
648a583d-b5c5-4d0c-8dfb-f0f8ce263bcc,COVERED_BINS,3999.0,0.305,0.1036512891554646
648a583d-b5c5-4d0c-8dfb-f0f8ce263bcc,COVERED_BINS,4249.0,0.2925,0.0916724939872705
648a583d-b5c5-4d0c-8dfb-f0f8ce263bcc,COVERED_BINS,4499.0,0.2875,0.0882522608121828
648a583d-b5c5-4d0c-8dfb-f0f8ce263bcc,COVERED_BINS,4749.0,0.285,0.0863801971607987
648a583d-b5c5-4d0c-8dfb-f0f8ce263bcc,COVERED_BINS,4999.0,0.285,0.0892992663707769
648a583d-b5c5-4d0c-8dfb-f0f8ce263bcc,COVERED_BINS,5249.0,0.2799999999999999,0.0822753351207442
648a583d-b5c5-4d0c-8dfb-f0f8ce263bcc,COVERED_BINS,5499.0,0.2774999999999999,0.0800240348510755
648a583d-b5c5-4d0c-8dfb-f0f8ce263bcc,COVERED_BINS,5749.0,0.275,0.0776250025806184
648a583d-b5c5-4d0c-8dfb-f0f8ce263bcc,COVERED_BINS,5999.0,0.2724999999999999,0.0784055858815932
648a583d-b5c5-4d0c-8dfb-f0f8ce263bcc,COVERED_BINS,6249.0,0.2674999999999999,0.0729857731131422
648a583d-b5c5-4d0c-8dfb-f0f8ce263bcc,COVERED_BINS,6499.0,0.2674999999999999,0.0729857731131422
648a583d-b5c5-4d0c-8dfb-f0f8ce263bcc,COVERED_BINS,6749.0,0.2674999999999999,0.0729857731131422
648a583d-b5c5-4d0c-8dfb-f0f8ce263bcc,COVERED_BINS,6999.0,0.2674999999999999,0.0729857731131422
648a583d-b5c5-4d0c-8dfb-f0f8ce263bcc,COVERED_BINS,7249.0,0.265,0.0699816825850586
648a583d-b5c5-4d0c-8dfb-f0f8ce263bcc,COVERED_BINS,7499.0,0.265,0.0699816825850586
648a583d-b5c5-4d0c-8dfb-f0f8ce263bcc,COVERED_BINS,7749.0,0.2625,0.066746746775616
648a583d-b5c5-4d0c-8dfb-f0f8ce263bcc,COVERED_BINS,7999.0,0.2625,0.066746746775616
648a583d-b5c5-4d0c-8dfb-f0f8ce263bcc,COVERED_BINS,8249.0,0.2625,0.066746746775616
648a583d-b5c5-4d0c-8dfb-f0f8ce263bcc,COVERED_BINS,8499.0,0.2625,0.066746746775616
648a583d-b5c5-4d0c-8dfb-f0f8ce263bcc,COVERED_BINS,8749.0,0.2625,0.066746746775616
648a583d-b5c5-4d0c-8dfb-f0f8ce263bcc,COVERED_BINS,8999.0,0.2625,0.066746746775616
648a583d-b5c5-4d0c-8dfb-f0f8ce263bcc,COVERED_BINS,9249.0,0.2625,0.066746746775616
648a583d-b5c5-4d0c-8dfb-f0f8ce263bcc,COVERED_BINS,9499.0,0.2625,0.066746746775616
648a583d-b5c5-4d0c-8dfb-f0f8ce263bcc,COVERED_BINS,9749.0,0.26,0.0632455532033675
648a583d-b5c5-4d0c-8dfb-f0f8ce263bcc,COVERED_BINS,9999.0,0.26,0.0632455532033675
648a583d-b5c5-4d0c-8dfb-f0f8ce263bcc,BINS_VARIANCE,1.0,0.0264217567463344,0.0015607450996821
648a583d-b5c5-4d0c-8dfb-f0f8ce263bcc,BINS_VARIANCE,249.0,0.0261094416159779,0.0015493720596275
648a583d-b5c5-4d0c-8dfb-f0f8ce263bcc,BINS_VARIANCE,499.0,0.0247915256571653,0.0022754282334021
648a583d-b5c5-4d0c-8dfb-f0f8ce263bcc,BINS_VARIANCE,749.0,0.02272703049582,0.0023755542666281
648a583d-b5c5-4d0c-8dfb-f0f8ce263bcc,BINS_VARIANCE,999.0,0.0202081521026677,0.0030792963697989
648a583d-b5c5-4d0c-8dfb-f0f8ce263bcc,BINS_VARIANCE,1249.0,0.0177435072490492,0.0037274064486717
648a583d-b5c5-4d0c-8dfb-f0f8ce263bcc,BINS_VARIANCE,1499.0,0.0150382617176691,0.0039318015027659
648a583d-b5c5-4d0c-8dfb-f0f8ce263bcc,BINS_VARIANCE,1749.0,0.0126114072677391,0.0042224238462026
648a583d-b5c5-4d0c-8dfb-f0f8ce263bcc,BINS_VARIANCE,1999.0,0.0105708240156911,0.004246364568699
648a583d-b5c5-4d0c-8dfb-f0f8ce263bcc,BINS_VARIANCE,2249.0,0.0075499252410027,0.0034696533999186
648a583d-b5c5-4d0c-8dfb-f0f8ce263bcc,BINS_VARIANCE,2499.0,0.0060926223919716,0.0034313241940053
648a583d-b5c5-4d0c-8dfb-f0f8ce263bcc,BINS_VARIANCE,2749.0,0.0045012044817479,0.0027458326742749
648a583d-b5c5-4d0c-8dfb-f0f8ce263bcc,BINS_VARIANCE,2999.0,0.0035906339370203,0.0027725666715507
648a583d-b5c5-4d0c-8dfb-f0f8ce263bcc,BINS_VARIANCE,3249.0,0.0025700824946546,0.0019845246487193
648a583d-b5c5-4d0c-8dfb-f0f8ce263bcc,BINS_VARIANCE,3499.0,0.0019616307618112,0.0017995351409066
648a583d-b5c5-4d0c-8dfb-f0f8ce263bcc,BINS_VARIANCE,3749.0,0.0014424435027364,0.0014515202789394
648a583d-b5c5-4d0c-8dfb-f0f8ce263bcc,BINS_VARIANCE,3999.0,0.0012428657014969,0.0014320793734912
648a583d-b5c5-4d0c-8dfb-f0f8ce263bcc,BINS_VARIANCE,4249.0,0.0009692930493992,0.0011888175967452
648a583d-b5c5-4d0c-8dfb-f0f8ce263bcc,BINS_VARIANCE,4499.0,0.0008294686439521,0.0012512917273371
648a583d-b5c5-4d0c-8dfb-f0f8ce263bcc,BINS_VARIANCE,4749.0,0.000678743135775,0.0010578483857127
648a583d-b5c5-4d0c-8dfb-f0f8ce263bcc,BINS_VARIANCE,4999.0,0.0005561250211889,0.000798746041621
648a583d-b5c5-4d0c-8dfb-f0f8ce263bcc,BINS_VARIANCE,5249.0,0.0004832877343074,0.0007225005787045
648a583d-b5c5-4d0c-8dfb-f0f8ce263bcc,BINS_VARIANCE,5499.0,0.0004044433588988,0.0005755208590272
648a583d-b5c5-4d0c-8dfb-f0f8ce263bcc,BINS_VARIANCE,5749.0,0.0003431030671341,0.0005109450985553
648a583d-b5c5-4d0c-8dfb-f0f8ce263bcc,BINS_VARIANCE,5999.0,0.0003236593560874,0.0005125858201363
648a583d-b5c5-4d0c-8dfb-f0f8ce263bcc,BINS_VARIANCE,6249.0,0.0003063457509359,0.0005109792293209
648a583d-b5c5-4d0c-8dfb-f0f8ce263bcc,BINS_VARIANCE,6499.0,0.0002938948784604,0.0005074140579478
648a583d-b5c5-4d0c-8dfb-f0f8ce263bcc,BINS_VARIANCE,6749.0,0.0002858824987489,0.0005096115936
648a583d-b5c5-4d0c-8dfb-f0f8ce263bcc,BINS_VARIANCE,6999.0,0.0002590574063132,0.0004699221096163
648a583d-b5c5-4d0c-8dfb-f0f8ce263bcc,BINS_VARIANCE,7249.0,0.0002637715024812,0.0004949834105464
648a583d-b5c5-4d0c-8dfb-f0f8ce263bcc,BINS_VARIANCE,7499.0,0.0002457913841777,0.0004783177836781
648a583d-b5c5-4d0c-8dfb-f0f8ce263bcc,BINS_VARIANCE,7749.0,0.0002222521215141,0.0004237647860112
648a583d-b5c5-4d0c-8dfb-f0f8ce263bcc,BINS_VARIANCE,7999.0,0.0002089174140111,0.0004106238530106
648a583d-b5c5-4d0c-8dfb-f0f8ce263bcc,BINS_VARIANCE,8249.0,0.0001845868103018,0.0003690288547959
648a583d-b5c5-4d0c-8dfb-f0f8ce263bcc,BINS_VARIANCE,8499.0,0.0001815951796145,0.0003684205799361
648a583d-b5c5-4d0c-8dfb-f0f8ce263bcc,BINS_VARIANCE,8749.0,0.0001829985114695,0.0003813029835038
648a583d-b5c5-4d0c-8dfb-f0f8ce263bcc,BINS_VARIANCE,8999.0,0.0001808704464316,0.0003797266386688
648a583d-b5c5-4d0c-8dfb-f0f8ce263bcc,BINS_VARIANCE,9249.0,0.0001797247927864,0.0003798220367835
648a583d-b5c5-4d0c-8dfb-f0f8ce263bcc,BINS_VARIANCE,9499.0,0.0001731796529401,0.0003733698210732
648a583d-b5c5-4d0c-8dfb-f0f8ce263bcc,BINS_VARIANCE,9749.0,0.0001897631317972,0.000406386530203
648a583d-b5c5-4d0c-8dfb-f0f8ce263bcc,BINS_VARIANCE,9999.0,0.0001877153680376,0.0004060296297312
c036e20a-ca02-4fbe-a52b-e12f3329c13b,SPREAD,1.0,0.9817487330858464,0.0135537651239633
c036e20a-ca02-4fbe-a52b-e12f3329c13b,SPREAD,249.0,0.9998,1.124366563280595e-16
c036e20a-ca02-4fbe-a52b-e12f3329c13b,SPREAD,499.0,0.9998,1.124366563280595e-16
c036e20a-ca02-4fbe-a52b-e12f3329c13b,SPREAD,749.0,0.9998,1.124366563280595e-16
c036e20a-ca02-4fbe-a52b-e12f3329c13b,SPREAD,999.0,0.9998,1.124366563280595e-16
c036e20a-ca02-4fbe-a52b-e12f3329c13b,SPREAD,1249.0,0.9998,1.124366563280595e-16
c036e20a-ca02-4fbe-a52b-e12f3329c13b,SPREAD,1499.0,0.9998,1.124366563280595e-16
c036e20a-ca02-4fbe-a52b-e12f3329c13b,SPREAD,1749.0,0.9998,1.124366563280595e-16
c036e20a-ca02-4fbe-a52b-e12f3329c13b,SPREAD,1999.0,0.9998,1.124366563280595e-16
c036e20a-ca02-4fbe-a52b-e12f3329c13b,SPREAD,2249.0,0.9998,1.124366563280595e-16
c036e20a-ca02-4fbe-a52b-e12f3329c13b,SPREAD,2499.0,0.9998,1.124366563280595e-16
c036e20a-ca02-4fbe-a52b-e12f3329c13b,SPREAD,2749.0,0.9998,1.124366563280595e-16
c036e20a-ca02-4fbe-a52b-e12f3329c13b,SPREAD,2999.0,0.9998,1.124366563280595e-16
c036e20a-ca02-4fbe-a52b-e12f3329c13b,SPREAD,3249.0,0.9998,1.124366563280595e-16
c036e20a-ca02-4fbe-a52b-e12f3329c13b,SPREAD,3499.0,0.9998,1.124366563280595e-16
c036e20a-ca02-4fbe-a52b-e12f3329c13b,SPREAD,3749.0,0.9998,1.124366563280595e-16
c036e20a-ca02-4fbe-a52b-e12f3329c13b,SPREAD,3999.0,0.9998,1.124366563280595e-16
c036e20a-ca02-4fbe-a52b-e12f3329c13b,SPREAD,4249.0,0.9998,1.124366563280595e-16
c036e20a-ca02-4fbe-a52b-e12f3329c13b,SPREAD,4499.0,0.9998,1.124366563280595e-16
c036e20a-ca02-4fbe-a52b-e12f3329c13b,SPREAD,4749.0,0.9998,1.124366563280595e-16
c036e20a-ca02-4fbe-a52b-e12f3329c13b,SPREAD,4999.0,0.9998,1.124366563280595e-16
c036e20a-ca02-4fbe-a52b-e12f3329c13b,SPREAD,5249.0,0.9998,1.124366563280595e-16
c036e20a-ca02-4fbe-a52b-e12f3329c13b,SPREAD,5499.0,0.9998,1.124366563280595e-16
c036e20a-ca02-4fbe-a52b-e12f3329c13b,SPREAD,5749.0,0.9998,1.124366563280595e-16
c036e20a-ca02-4fbe-a52b-e12f3329c13b,SPREAD,5999.0,0.9998,1.124366563280595e-16
c036e20a-ca02-4fbe-a52b-e12f3329c13b,SPREAD,6249.0,0.9998,1.124366563280595e-16
c036e20a-ca02-4fbe-a52b-e12f3329c13b,SPREAD,6499.0,0.9998,1.124366563280595e-16
c036e20a-ca02-4fbe-a52b-e12f3329c13b,SPREAD,6749.0,0.9998,1.124366563280595e-16
c036e20a-ca02-4fbe-a52b-e12f3329c13b,SPREAD,6999.0,0.9998,1.124366563280595e-16
c036e20a-ca02-4fbe-a52b-e12f3329c13b,SPREAD,7249.0,0.9998,1.124366563280595e-16
c036e20a-ca02-4fbe-a52b-e12f3329c13b,SPREAD,7499.0,0.9998,1.124366563280595e-16
c036e20a-ca02-4fbe-a52b-e12f3329c13b,SPREAD,7749.0,0.9998,1.124366563280595e-16
c036e20a-ca02-4fbe-a52b-e12f3329c13b,SPREAD,7999.0,0.9998,1.124366563280595e-16
c036e20a-ca02-4fbe-a52b-e12f3329c13b,SPREAD,8249.0,0.9998,1.124366563280595e-16
c036e20a-ca02-4fbe-a52b-e12f3329c13b,SPREAD,8499.0,0.9998,1.124366563280595e-16
c036e20a-ca02-4fbe-a52b-e12f3329c13b,SPREAD,8749.0,0.9998,1.124366563280595e-16
c036e20a-ca02-4fbe-a52b-e12f3329c13b,SPREAD,8999.0,0.9998,1.124366563280595e-16
c036e20a-ca02-4fbe-a52b-e12f3329c13b,SPREAD,9249.0,0.9998,1.124366563280595e-16
c036e20a-ca02-4fbe-a52b-e12f3329c13b,SPREAD,9499.0,0.9998,1.124366563280595e-16
c036e20a-ca02-4fbe-a52b-e12f3329c13b,SPREAD,9749.0,0.9998,1.124366563280595e-16
c036e20a-ca02-4fbe-a52b-e12f3329c13b,SPREAD,9999.0,0.9998,1.124366563280595e-16
c036e20a-ca02-4fbe-a52b-e12f3329c13b,DISPERSION,1.0,0.08317104142615,0.0085390423624217
c036e20a-ca02-4fbe-a52b-e12f3329c13b,DISPERSION,249.0,0.1263890126979911,0.0284761376857954
c036e20a-ca02-4fbe-a52b-e12f3329c13b,DISPERSION,499.0,0.1853432309188601,0.0407093906665417
c036e20a-ca02-4fbe-a52b-e12f3329c13b,DISPERSION,749.0,0.2243391895917162,0.0310418201515792
c036e20a-ca02-4fbe-a52b-e12f3329c13b,DISPERSION,999.0,0.2364353174283972,0.0215490152083662
c036e20a-ca02-4fbe-a52b-e12f3329c13b,DISPERSION,1249.0,0.2394442869983605,0.0165504521209196
c036e20a-ca02-4fbe-a52b-e12f3329c13b,DISPERSION,1499.0,0.2401139026988631,0.0152554974633792
c036e20a-ca02-4fbe-a52b-e12f3329c13b,DISPERSION,1749.0,0.2402399535412556,0.0149703044553253
c036e20a-ca02-4fbe-a52b-e12f3329c13b,DISPERSION,1999.0,0.2402753548811129,0.0148842534298479
c036e20a-ca02-4fbe-a52b-e12f3329c13b,DISPERSION,2249.0,0.240281164674331,0.014870217487376
c036e20a-ca02-4fbe-a52b-e12f3329c13b,DISPERSION,2499.0,0.2402831778483705,0.0148649662187356
c036e20a-ca02-4fbe-a52b-e12f3329c13b,DISPERSION,2749.0,0.240283756056681,0.0148634477220217
c036e20a-ca02-4fbe-a52b-e12f3329c13b,DISPERSION,2999.0,0.2402838329401643,0.0148632468227459
c036e20a-ca02-4fbe-a52b-e12f3329c13b,DISPERSION,3249.0,0.2402838536062047,0.01486318886654
c036e20a-ca02-4fbe-a52b-e12f3329c13b,DISPERSION,3499.0,0.2402838561018941,0.0148631818430718
c036e20a-ca02-4fbe-a52b-e12f3329c13b,DISPERSION,3749.0,0.2402838569783733,0.0148631794472309
c036e20a-ca02-4fbe-a52b-e12f3329c13b,DISPERSION,3999.0,0.2402838575284446,0.0148631779649275
c036e20a-ca02-4fbe-a52b-e12f3329c13b,DISPERSION,4249.0,0.2402838576067065,0.0148631777513365
c036e20a-ca02-4fbe-a52b-e12f3329c13b,DISPERSION,4499.0,0.240283857612478,0.014863177734999
c036e20a-ca02-4fbe-a52b-e12f3329c13b,DISPERSION,4749.0,0.2402838576142727,0.0148631777298428
c036e20a-ca02-4fbe-a52b-e12f3329c13b,DISPERSION,4999.0,0.2402838576149094,0.0148631777280576
c036e20a-ca02-4fbe-a52b-e12f3329c13b,DISPERSION,5249.0,0.2402838576151507,0.0148631777273993
c036e20a-ca02-4fbe-a52b-e12f3329c13b,DISPERSION,5499.0,0.240283857615184,0.0148631777273063
c036e20a-ca02-4fbe-a52b-e12f3329c13b,DISPERSION,5749.0,0.240283857615196,0.0148631777272728
c036e20a-ca02-4fbe-a52b-e12f3329c13b,DISPERSION,5999.0,0.2402838576151989,0.0148631777272646
c036e20a-ca02-4fbe-a52b-e12f3329c13b,DISPERSION,6249.0,0.2402838576151998,0.0148631777272623
c036e20a-ca02-4fbe-a52b-e12f3329c13b,DISPERSION,6499.0,0.2402838576151999,0.0148631777272619
c036e20a-ca02-4fbe-a52b-e12f3329c13b,DISPERSION,6749.0,0.2402838576152,0.0148631777272618
c036e20a-ca02-4fbe-a52b-e12f3329c13b,DISPERSION,6999.0,0.2402838576152,0.0148631777272618
c036e20a-ca02-4fbe-a52b-e12f3329c13b,DISPERSION,7249.0,0.2402838576152,0.0148631777272618
c036e20a-ca02-4fbe-a52b-e12f3329c13b,DISPERSION,7499.0,0.2402838576152,0.0148631777272617
c036e20a-ca02-4fbe-a52b-e12f3329c13b,DISPERSION,7749.0,0.2402838576152,0.0148631777272617
c036e20a-ca02-4fbe-a52b-e12f3329c13b,DISPERSION,7999.0,0.2402838576152,0.0148631777272617
c036e20a-ca02-4fbe-a52b-e12f3329c13b,DISPERSION,8249.0,0.2402838576152,0.0148631777272617
c036e20a-ca02-4fbe-a52b-e12f3329c13b,DISPERSION,8499.0,0.2402838576152,0.0148631777272617
c036e20a-ca02-4fbe-a52b-e12f3329c13b,DISPERSION,8749.0,0.2402838576152,0.0148631777272617
c036e20a-ca02-4fbe-a52b-e12f3329c13b,DISPERSION,8999.0,0.2402838576152,0.0148631777272617
c036e20a-ca02-4fbe-a52b-e12f3329c13b,DISPERSION,9249.0,0.2402838576152,0.0148631777272617
c036e20a-ca02-4fbe-a52b-e12f3329c13b,DISPERSION,9499.0,0.2402838576152,0.0148631777272617
c036e20a-ca02-4fbe-a52b-e12f3329c13b,DISPERSION,9749.0,0.2402838576152,0.0148631777272617
c036e20a-ca02-4fbe-a52b-e12f3329c13b,DISPERSION,9999.0,0.2402838576152,0.0148631777272617
c036e20a-ca02-4fbe-a52b-e12f3329c13b,COVERED_BINS,1.0,1.0,0.0
c036e20a-ca02-4fbe-a52b-e12f3329c13b,COVERED_BINS,249.0,0.9925,0.0266746782836918
c036e20a-ca02-4fbe-a52b-e12f3329c13b,COVERED_BINS,499.0,0.835,0.1776628902278204
c036e20a-ca02-4fbe-a52b-e12f3329c13b,COVERED_BINS,749.0,0.4449999999999999,0.2074880286939033
c036e20a-ca02-4fbe-a52b-e12f3329c13b,COVERED_BINS,999.0,0.255,0.1338770963349479
c036e20a-ca02-4fbe-a52b-e12f3329c13b,COVERED_BINS,1249.0,0.205,0.0220721427863152
c036e20a-ca02-4fbe-a52b-e12f3329c13b,COVERED_BINS,1499.0,0.2024999999999999,0.0158113883008418
c036e20a-ca02-4fbe-a52b-e12f3329c13b,COVERED_BINS,1749.0,0.2,0.0
c036e20a-ca02-4fbe-a52b-e12f3329c13b,COVERED_BINS,1999.0,0.2,0.0
c036e20a-ca02-4fbe-a52b-e12f3329c13b,COVERED_BINS,2249.0,0.2,0.0
c036e20a-ca02-4fbe-a52b-e12f3329c13b,COVERED_BINS,2499.0,0.2,0.0
c036e20a-ca02-4fbe-a52b-e12f3329c13b,COVERED_BINS,2749.0,0.2,0.0
c036e20a-ca02-4fbe-a52b-e12f3329c13b,COVERED_BINS,2999.0,0.2,0.0
c036e20a-ca02-4fbe-a52b-e12f3329c13b,COVERED_BINS,3249.0,0.2,0.0
c036e20a-ca02-4fbe-a52b-e12f3329c13b,COVERED_BINS,3499.0,0.2,0.0
c036e20a-ca02-4fbe-a52b-e12f3329c13b,COVERED_BINS,3749.0,0.2,0.0
c036e20a-ca02-4fbe-a52b-e12f3329c13b,COVERED_BINS,3999.0,0.2,0.0
c036e20a-ca02-4fbe-a52b-e12f3329c13b,COVERED_BINS,4249.0,0.2,0.0
c036e20a-ca02-4fbe-a52b-e12f3329c13b,COVERED_BINS,4499.0,0.2,0.0
c036e20a-ca02-4fbe-a52b-e12f3329c13b,COVERED_BINS,4749.0,0.2,0.0
c036e20a-ca02-4fbe-a52b-e12f3329c13b,COVERED_BINS,4999.0,0.2,0.0
c036e20a-ca02-4fbe-a52b-e12f3329c13b,COVERED_BINS,5249.0,0.2,0.0
c036e20a-ca02-4fbe-a52b-e12f3329c13b,COVERED_BINS,5499.0,0.2,0.0
c036e20a-ca02-4fbe-a52b-e12f3329c13b,COVERED_BINS,5749.0,0.2,0.0
c036e20a-ca02-4fbe-a52b-e12f3329c13b,COVERED_BINS,5999.0,0.2,0.0
c036e20a-ca02-4fbe-a52b-e12f3329c13b,COVERED_BINS,6249.0,0.2,0.0
c036e20a-ca02-4fbe-a52b-e12f3329c13b,COVERED_BINS,6499.0,0.2,0.0
c036e20a-ca02-4fbe-a52b-e12f3329c13b,COVERED_BINS,6749.0,0.2,0.0
c036e20a-ca02-4fbe-a52b-e12f3329c13b,COVERED_BINS,6999.0,0.2,0.0
c036e20a-ca02-4fbe-a52b-e12f3329c13b,COVERED_BINS,7249.0,0.2,0.0
c036e20a-ca02-4fbe-a52b-e12f3329c13b,COVERED_BINS,7499.0,0.2,0.0
c036e20a-ca02-4fbe-a52b-e12f3329c13b,COVERED_BINS,7749.0,0.2,0.0
c036e20a-ca02-4fbe-a52b-e12f3329c13b,COVERED_BINS,7999.0,0.2,0.0
c036e20a-ca02-4fbe-a52b-e12f3329c13b,COVERED_BINS,8249.0,0.2,0.0
c036e20a-ca02-4fbe-a52b-e12f3329c13b,COVERED_BINS,8499.0,0.2,0.0
c036e20a-ca02-4fbe-a52b-e12f3329c13b,COVERED_BINS,8749.0,0.2,0.0
c036e20a-ca02-4fbe-a52b-e12f3329c13b,COVERED_BINS,8999.0,0.2,0.0
c036e20a-ca02-4fbe-a52b-e12f3329c13b,COVERED_BINS,9249.0,0.2,0.0
c036e20a-ca02-4fbe-a52b-e12f3329c13b,COVERED_BINS,9499.0,0.2,0.0
c036e20a-ca02-4fbe-a52b-e12f3329c13b,COVERED_BINS,9749.0,0.2,0.0
c036e20a-ca02-4fbe-a52b-e12f3329c13b,COVERED_BINS,9999.0,0.2,0.0
c036e20a-ca02-4fbe-a52b-e12f3329c13b,BINS_VARIANCE,1.0,0.0267246401533784,0.0015275366802875
c036e20a-ca02-4fbe-a52b-e12f3329c13b,BINS_VARIANCE,249.0,0.026239874668139,0.0029457334951994
c036e20a-ca02-4fbe-a52b-e12f3329c13b,BINS_VARIANCE,499.0,0.0161171011294634,0.0070036637836226
c036e20a-ca02-4fbe-a52b-e12f3329c13b,BINS_VARIANCE,749.0,0.0057752336962742,0.0057604225024105
c036e20a-ca02-4fbe-a52b-e12f3329c13b,BINS_VARIANCE,999.0,0.0016170026343537,0.002821896953421
c036e20a-ca02-4fbe-a52b-e12f3329c13b,BINS_VARIANCE,1249.0,0.0004714372065801,0.0013623809114677
c036e20a-ca02-4fbe-a52b-e12f3329c13b,BINS_VARIANCE,1499.0,7.087873808219341e-05,0.0001875290834389
c036e20a-ca02-4fbe-a52b-e12f3329c13b,BINS_VARIANCE,1749.0,2.531987620540045e-05,0.0001089816218833
c036e20a-ca02-4fbe-a52b-e12f3329c13b,BINS_VARIANCE,1999.0,4.355387471501273e-06,1.642674574072222e-05
c036e20a-ca02-4fbe-a52b-e12f3329c13b,BINS_VARIANCE,2249.0,1.6298067914390166e-06,8.390008608196305e-06
c036e20a-ca02-4fbe-a52b-e12f3329c13b,BINS_VARIANCE,2499.0,3.727279118099156e-07,1.8559167968719737e-06
c036e20a-ca02-4fbe-a52b-e12f3329c13b,BINS_VARIANCE,2749.0,5.122273199891902e-08,2.2281001766465082e-07
c036e20a-ca02-4fbe-a52b-e12f3329c13b,BINS_VARIANCE,2999.0,1.4670471944693546e-08,7.304498574011202e-08
c036e20a-ca02-4fbe-a52b-e12f3329c13b,BINS_VARIANCE,3249.0,3.310873700090802e-09,1.603515110282369e-08
c036e20a-ca02-4fbe-a52b-e12f3329c13b,BINS_VARIANCE,3499.0,1.20745011687543e-09,7.192715230601636e-09
c036e20a-ca02-4fbe-a52b-e12f3329c13b,BINS_VARIANCE,3749.0,5.260127347384228e-10,3.125967284681528e-09
c036e20a-ca02-4fbe-a52b-e12f3329c13b,BINS_VARIANCE,3999.0,6.347741841104137e-11,3.4826570969314856e-10
c036e20a-ca02-4fbe-a52b-e12f3329c13b,BINS_VARIANCE,4249.0,5.6611531807572116e-12,2.7414536667663888e-11
c036e20a-ca02-4fbe-a52b-e12f3329c13b,BINS_VARIANCE,4499.0,1.938942957922316e-12,1.0067410476565574e-11
c036e20a-ca02-4fbe-a52b-e12f3329c13b,BINS_VARIANCE,4749.0,5.261824409785347e-13,2.508726114515542e-12
c036e20a-ca02-4fbe-a52b-e12f3329c13b,BINS_VARIANCE,4999.0,1.8207816265769059e-13,9.667141443139154e-13
c036e20a-ca02-4fbe-a52b-e12f3329c13b,BINS_VARIANCE,5249.0,2.909399875202185e-14,1.312590695477539e-13
c036e20a-ca02-4fbe-a52b-e12f3329c13b,BINS_VARIANCE,5499.0,1.18108921177742e-14,6.335852392739552e-14
c036e20a-ca02-4fbe-a52b-e12f3329c13b,BINS_VARIANCE,5749.0,2.6143273558969255e-15,1.4047666592169411e-14
c036e20a-ca02-4fbe-a52b-e12f3329c13b,BINS_VARIANCE,5999.0,7.380241676167035e-16,4.026184980038168e-15
c036e20a-ca02-4fbe-a52b-e12f3329c13b,BINS_VARIANCE,6249.0,1.6296852583231798e-16,7.148377434482252e-16
c036e20a-ca02-4fbe-a52b-e12f3329c13b,BINS_VARIANCE,6499.0,4.1766149088667455e-17,1.1734034232007102e-16
c036e20a-ca02-4fbe-a52b-e12f3329c13b,BINS_VARIANCE,6749.0,2.3329379620340705e-17,4.157015495690191e-17
c036e20a-ca02-4fbe-a52b-e12f3329c13b,BINS_VARIANCE,6999.0,1.7803790810712238e-17,1.616272400730458e-17
c036e20a-ca02-4fbe-a52b-e12f3329c13b,BINS_VARIANCE,7249.0,1.6464498941306218e-17,1.4096257180729314e-17
c036e20a-ca02-4fbe-a52b-e12f3329c13b,BINS_VARIANCE,7499.0,1.5431152786331016e-17,1.399714134914403e-17
c036e20a-ca02-4fbe-a52b-e12f3329c13b,BINS_VARIANCE,7749.0,1.5296752853918334e-17,1.4123218354087193e-17
c036e20a-ca02-4fbe-a52b-e12f3329c13b,BINS_VARIANCE,7999.0,1.5269556235708644e-17,1.4151158424193797e-17
c036e20a-ca02-4fbe-a52b-e12f3329c13b,BINS_VARIANCE,8249.0,1.526830248058525e-17,1.4152249420093266e-17
c036e20a-ca02-4fbe-a52b-e12f3329c13b,BINS_VARIANCE,8499.0,1.5267592439263046e-17,1.4152964361854566e-17
c036e20a-ca02-4fbe-a52b-e12f3329c13b,BINS_VARIANCE,8749.0,1.5267560671186818e-17,1.4153002110297454e-17
c036e20a-ca02-4fbe-a52b-e12f3329c13b,BINS_VARIANCE,8999.0,1.5267563750223738e-17,1.4153001181455668e-17
c036e20a-ca02-4fbe-a52b-e12f3329c13b,BINS_VARIANCE,9249.0,1.526756524668695e-17,1.4153000540045864e-17
c036e20a-ca02-4fbe-a52b-e12f3329c13b,BINS_VARIANCE,9499.0,1.5267565586351418e-17,1.4153000437583364e-17
c036e20a-ca02-4fbe-a52b-e12f3329c13b,BINS_VARIANCE,9749.0,1.5267565586351418e-17,1.4153000437583364e-17
c036e20a-ca02-4fbe-a52b-e12f3329c13b,BINS_VARIANCE,9999.0,1.5267565586351418e-17,1.4153000437583364e-17
442eb0ed-1192-4184-aaf9-dc19c73f8678,SPREAD,1.0,0.9803180441677248,0.0141754789323635
442eb0ed-1192-4184-aaf9-dc19c73f8678,SPREAD,249.0,0.9803180441677248,0.0141754789323635
442eb0ed-1192-4184-aaf9-dc19c73f8678,SPREAD,499.0,0.9803180441677248,0.0141754789323635
442eb0ed-1192-4184-aaf9-dc19c73f8678,SPREAD,749.0,0.9803180441677248,0.0141754789323635
442eb0ed-1192-4184-aaf9-dc19c73f8678,SPREAD,999.0,0.9803180441677248,0.0141754789323635
442eb0ed-1192-4184-aaf9-dc19c73f8678,SPREAD,1249.0,0.9803180441677248,0.0141754789323635
442eb0ed-1192-4184-aaf9-dc19c73f8678,SPREAD,1499.0,0.9803180441677248,0.0141754789323635
442eb0ed-1192-4184-aaf9-dc19c73f8678,SPREAD,1749.0,0.9803180441677248,0.0141754789323635
442eb0ed-1192-4184-aaf9-dc19c73f8678,SPREAD,1999.0,0.9803180441677248,0.0141754789323635
442eb0ed-1192-4184-aaf9-dc19c73f8678,SPREAD,2249.0,0.9803180441677248,0.0141754789323635
442eb0ed-1192-4184-aaf9-dc19c73f8678,SPREAD,2499.0,0.9803180441677248,0.0141754789323635
442eb0ed-1192-4184-aaf9-dc19c73f8678,SPREAD,2749.0,0.9803180441677248,0.0141754789323635
442eb0ed-1192-4184-aaf9-dc19c73f8678,SPREAD,2999.0,0.9803180441677248,0.0141754789323635
442eb0ed-1192-4184-aaf9-dc19c73f8678,SPREAD,3249.0,0.9803180441677248,0.0141754789323635
442eb0ed-1192-4184-aaf9-dc19c73f8678,SPREAD,3499.0,0.9803180441677248,0.0141754789323635
442eb0ed-1192-4184-aaf9-dc19c73f8678,SPREAD,3749.0,0.9803180441677248,0.0141754789323635
442eb0ed-1192-4184-aaf9-dc19c73f8678,SPREAD,3999.0,0.9803180441677248,0.0141754789323635
442eb0ed-1192-4184-aaf9-dc19c73f8678,SPREAD,4249.0,0.9803180441677248,0.0141754789323635
442eb0ed-1192-4184-aaf9-dc19c73f8678,SPREAD,4499.0,0.9803180441677248,0.0141754789323635
442eb0ed-1192-4184-aaf9-dc19c73f8678,SPREAD,4749.0,0.9803180441677248,0.0141754789323635
442eb0ed-1192-4184-aaf9-dc19c73f8678,SPREAD,4999.0,0.9803180441677248,0.0141754789323635
442eb0ed-1192-4184-aaf9-dc19c73f8678,SPREAD,5249.0,0.9803180441677248,0.0141754789323635
442eb0ed-1192-4184-aaf9-dc19c73f8678,SPREAD,5499.0,0.9803180441677248,0.0141754789323635
442eb0ed-1192-4184-aaf9-dc19c73f8678,SPREAD,5749.0,0.9803180441677248,0.0141754789323635
442eb0ed-1192-4184-aaf9-dc19c73f8678,SPREAD,5999.0,0.9803180441677248,0.0141754789323635
442eb0ed-1192-4184-aaf9-dc19c73f8678,SPREAD,6249.0,0.9803180441677248,0.0141754789323635
442eb0ed-1192-4184-aaf9-dc19c73f8678,SPREAD,6499.0,0.9803180441677248,0.0141754789323635
442eb0ed-1192-4184-aaf9-dc19c73f8678,SPREAD,6749.0,0.9803180441677248,0.0141754789323635
442eb0ed-1192-4184-aaf9-dc19c73f8678,SPREAD,6999.0,0.9803180441677248,0.0141754789323635
442eb0ed-1192-4184-aaf9-dc19c73f8678,SPREAD,7249.0,0.9803180441677248,0.0141754789323635
442eb0ed-1192-4184-aaf9-dc19c73f8678,SPREAD,7499.0,0.9803180441677248,0.0141754789323635
442eb0ed-1192-4184-aaf9-dc19c73f8678,SPREAD,7749.0,0.9803180441677248,0.0141754789323635
442eb0ed-1192-4184-aaf9-dc19c73f8678,SPREAD,7999.0,0.9803180441677248,0.0141754789323635
442eb0ed-1192-4184-aaf9-dc19c73f8678,SPREAD,8249.0,0.9803180441677248,0.0141754789323635
442eb0ed-1192-4184-aaf9-dc19c73f8678,SPREAD,8499.0,0.9803180441677248,0.0141754789323635
442eb0ed-1192-4184-aaf9-dc19c73f8678,SPREAD,8749.0,0.9803180441677248,0.0141754789323635
442eb0ed-1192-4184-aaf9-dc19c73f8678,SPREAD,8999.0,0.9803180441677248,0.0141754789323635
442eb0ed-1192-4184-aaf9-dc19c73f8678,SPREAD,9249.0,0.9803180441677248,0.0141754789323635
442eb0ed-1192-4184-aaf9-dc19c73f8678,SPREAD,9499.0,0.9803180441677248,0.0141754789323635
442eb0ed-1192-4184-aaf9-dc19c73f8678,SPREAD,9749.0,0.9803180441677248,0.0141754789323635
442eb0ed-1192-4184-aaf9-dc19c73f8678,SPREAD,9999.0,0.9803180441677248,0.0141754789323635
442eb0ed-1192-4184-aaf9-dc19c73f8678,DISPERSION,1.0,0.0821368912688412,0.006355204861643
442eb0ed-1192-4184-aaf9-dc19c73f8678,DISPERSION,249.0,0.0802537667229049,0.0065043631685757
442eb0ed-1192-4184-aaf9-dc19c73f8678,DISPERSION,499.0,0.0781406226396471,0.0068529331608565
442eb0ed-1192-4184-aaf9-dc19c73f8678,DISPERSION,749.0,0.0761898817448628,0.0072413612785043
442eb0ed-1192-4184-aaf9-dc19c73f8678,DISPERSION,999.0,0.0741963903230868,0.007610270138511
442eb0ed-1192-4184-aaf9-dc19c73f8678,DISPERSION,1249.0,0.0722682443457702,0.0076732690989865
442eb0ed-1192-4184-aaf9-dc19c73f8678,DISPERSION,1499.0,0.0706897283668135,0.0077441269145163
442eb0ed-1192-4184-aaf9-dc19c73f8678,DISPERSION,1749.0,0.0692962713358217,0.0076910604010158
442eb0ed-1192-4184-aaf9-dc19c73f8678,DISPERSION,1999.0,0.068466058854346,0.0077373852689212
442eb0ed-1192-4184-aaf9-dc19c73f8678,DISPERSION,2249.0,0.0678423979320006,0.0076225180926225
442eb0ed-1192-4184-aaf9-dc19c73f8678,DISPERSION,2499.0,0.0674164948249393,0.0075323378465419
442eb0ed-1192-4184-aaf9-dc19c73f8678,DISPERSION,2749.0,0.0671618350305399,0.0075086442677148
442eb0ed-1192-4184-aaf9-dc19c73f8678,DISPERSION,2999.0,0.0670334432072864,0.007482125321574
442eb0ed-1192-4184-aaf9-dc19c73f8678,DISPERSION,3249.0,0.0669419131997614,0.0074526152935023
442eb0ed-1192-4184-aaf9-dc19c73f8678,DISPERSION,3499.0,0.0668787681315692,0.0074181858796248
442eb0ed-1192-4184-aaf9-dc19c73f8678,DISPERSION,3749.0,0.0668535746395431,0.007402472771908
442eb0ed-1192-4184-aaf9-dc19c73f8678,DISPERSION,3999.0,0.066844262044931,0.0073970113151636
442eb0ed-1192-4184-aaf9-dc19c73f8678,DISPERSION,4249.0,0.0668407404659909,0.0073950765284265
442eb0ed-1192-4184-aaf9-dc19c73f8678,DISPERSION,4499.0,0.0668399613349924,0.0073945485945829
442eb0ed-1192-4184-aaf9-dc19c73f8678,DISPERSION,4749.0,0.0668394189013141,0.0073942619548085
442eb0ed-1192-4184-aaf9-dc19c73f8678,DISPERSION,4999.0,0.0668390481589467,0.0073940444259758
442eb0ed-1192-4184-aaf9-dc19c73f8678,DISPERSION,5249.0,0.0668389611914548,0.0073940115895806
442eb0ed-1192-4184-aaf9-dc19c73f8678,DISPERSION,5499.0,0.0668388625091304,0.0073939394688818
442eb0ed-1192-4184-aaf9-dc19c73f8678,DISPERSION,5749.0,0.0668387735312498,0.0073938382252108
442eb0ed-1192-4184-aaf9-dc19c73f8678,DISPERSION,5999.0,0.0668387538422509,0.0073938190672722
442eb0ed-1192-4184-aaf9-dc19c73f8678,DISPERSION,6249.0,0.0668387596090105,0.0073938135938354
442eb0ed-1192-4184-aaf9-dc19c73f8678,DISPERSION,6499.0,0.0668387750165671,0.007393827665181
442eb0ed-1192-4184-aaf9-dc19c73f8678,DISPERSION,6749.0,0.0668387719923427,0.0073938259399945
442eb0ed-1192-4184-aaf9-dc19c73f8678,DISPERSION,6999.0,0.0668387570044417,0.0073938108599598
442eb0ed-1192-4184-aaf9-dc19c73f8678,DISPERSION,7249.0,0.0668387630659507,0.0073938135613661
442eb0ed-1192-4184-aaf9-dc19c73f8678,DISPERSION,7499.0,0.0668387592671959,0.0073938130675074
442eb0ed-1192-4184-aaf9-dc19c73f8678,DISPERSION,7749.0,0.0668387555671497,0.0073938092996766
442eb0ed-1192-4184-aaf9-dc19c73f8678,DISPERSION,7999.0,0.0668387563414494,0.0073938096766886
442eb0ed-1192-4184-aaf9-dc19c73f8678,DISPERSION,8249.0,0.0668387569053676,0.0073938093429704
442eb0ed-1192-4184-aaf9-dc19c73f8678,DISPERSION,8499.0,0.0668387576683939,0.0073938094043146
442eb0ed-1192-4184-aaf9-dc19c73f8678,DISPERSION,8749.0,0.0668387585704638,0.0073938097882094
442eb0ed-1192-4184-aaf9-dc19c73f8678,DISPERSION,8999.0,0.0668387585192693,0.0073938098312088
442eb0ed-1192-4184-aaf9-dc19c73f8678,DISPERSION,9249.0,0.066838758121927,0.0073938095602559
442eb0ed-1192-4184-aaf9-dc19c73f8678,DISPERSION,9499.0,0.0668387581339373,0.0073938096938376
442eb0ed-1192-4184-aaf9-dc19c73f8678,DISPERSION,9749.0,0.0668387582670105,0.0073938097551666
442eb0ed-1192-4184-aaf9-dc19c73f8678,DISPERSION,9999.0,0.0668387582011415,0.0073938097491774
442eb0ed-1192-4184-aaf9-dc19c73f8678,COVERED_BINS,1.0,1.0,0.0
442eb0ed-1192-4184-aaf9-dc19c73f8678,COVERED_BINS,249.0,1.0,0.0
442eb0ed-1192-4184-aaf9-dc19c73f8678,COVERED_BINS,499.0,1.0,0.0
442eb0ed-1192-4184-aaf9-dc19c73f8678,COVERED_BINS,749.0,1.0,0.0
442eb0ed-1192-4184-aaf9-dc19c73f8678,COVERED_BINS,999.0,1.0,0.0
442eb0ed-1192-4184-aaf9-dc19c73f8678,COVERED_BINS,1249.0,0.99,0.0303821810125099
442eb0ed-1192-4184-aaf9-dc19c73f8678,COVERED_BINS,1499.0,0.98,0.0405095746833466
442eb0ed-1192-4184-aaf9-dc19c73f8678,COVERED_BINS,1749.0,0.9600000000000002,0.0590523453148093
442eb0ed-1192-4184-aaf9-dc19c73f8678,COVERED_BINS,1999.0,0.92,0.0757864746745073
442eb0ed-1192-4184-aaf9-dc19c73f8678,COVERED_BINS,2249.0,0.8800000000000001,0.0757864746745073
442eb0ed-1192-4184-aaf9-dc19c73f8678,COVERED_BINS,2499.0,0.8550000000000001,0.0782828533473654
442eb0ed-1192-4184-aaf9-dc19c73f8678,COVERED_BINS,2749.0,0.8149999999999998,0.0769615288509585
442eb0ed-1192-4184-aaf9-dc19c73f8678,COVERED_BINS,2999.0,0.8,0.0679366220486757
442eb0ed-1192-4184-aaf9-dc19c73f8678,COVERED_BINS,3249.0,0.7875,0.0607115922694952
442eb0ed-1192-4184-aaf9-dc19c73f8678,COVERED_BINS,3499.0,0.7575000000000001,0.0594310632754562
442eb0ed-1192-4184-aaf9-dc19c73f8678,COVERED_BINS,3749.0,0.7474999999999999,0.0505736325340815
442eb0ed-1192-4184-aaf9-dc19c73f8678,COVERED_BINS,3999.0,0.7325000000000002,0.0525625390636764
442eb0ed-1192-4184-aaf9-dc19c73f8678,COVERED_BINS,4249.0,0.7200000000000001,0.0516397779494322
442eb0ed-1192-4184-aaf9-dc19c73f8678,COVERED_BINS,4499.0,0.7150000000000001,0.0483045891539648
442eb0ed-1192-4184-aaf9-dc19c73f8678,COVERED_BINS,4749.0,0.7075,0.0416794852077072
442eb0ed-1192-4184-aaf9-dc19c73f8678,COVERED_BINS,4999.0,0.7025,0.035716117169158
442eb0ed-1192-4184-aaf9-dc19c73f8678,COVERED_BINS,5249.0,0.7025,0.035716117169158
442eb0ed-1192-4184-aaf9-dc19c73f8678,COVERED_BINS,5499.0,0.7025,0.035716117169158
442eb0ed-1192-4184-aaf9-dc19c73f8678,COVERED_BINS,5749.0,0.7025,0.035716117169158
442eb0ed-1192-4184-aaf9-dc19c73f8678,COVERED_BINS,5999.0,0.7,0.0320256307610174
442eb0ed-1192-4184-aaf9-dc19c73f8678,COVERED_BINS,6249.0,0.7,0.0320256307610174
442eb0ed-1192-4184-aaf9-dc19c73f8678,COVERED_BINS,6499.0,0.7,0.0320256307610174
442eb0ed-1192-4184-aaf9-dc19c73f8678,COVERED_BINS,6749.0,0.7,0.0320256307610174
442eb0ed-1192-4184-aaf9-dc19c73f8678,COVERED_BINS,6999.0,0.7,0.0320256307610174
442eb0ed-1192-4184-aaf9-dc19c73f8678,COVERED_BINS,7249.0,0.7,0.0320256307610174
442eb0ed-1192-4184-aaf9-dc19c73f8678,COVERED_BINS,7499.0,0.7,0.0320256307610174
442eb0ed-1192-4184-aaf9-dc19c73f8678,COVERED_BINS,7749.0,0.7,0.0320256307610174
442eb0ed-1192-4184-aaf9-dc19c73f8678,COVERED_BINS,7999.0,0.7,0.0320256307610174
442eb0ed-1192-4184-aaf9-dc19c73f8678,COVERED_BINS,8249.0,0.7,0.0320256307610174
442eb0ed-1192-4184-aaf9-dc19c73f8678,COVERED_BINS,8499.0,0.7,0.0320256307610174
442eb0ed-1192-4184-aaf9-dc19c73f8678,COVERED_BINS,8749.0,0.7,0.0320256307610174
442eb0ed-1192-4184-aaf9-dc19c73f8678,COVERED_BINS,8999.0,0.7,0.0320256307610174
442eb0ed-1192-4184-aaf9-dc19c73f8678,COVERED_BINS,9249.0,0.7,0.0320256307610174
442eb0ed-1192-4184-aaf9-dc19c73f8678,COVERED_BINS,9499.0,0.7,0.0320256307610174
442eb0ed-1192-4184-aaf9-dc19c73f8678,COVERED_BINS,9749.0,0.7,0.0320256307610174
442eb0ed-1192-4184-aaf9-dc19c73f8678,COVERED_BINS,9999.0,0.7,0.0320256307610174
442eb0ed-1192-4184-aaf9-dc19c73f8678,BINS_VARIANCE,1.0,0.0269441427438188,0.001721178279526
442eb0ed-1192-4184-aaf9-dc19c73f8678,BINS_VARIANCE,249.0,0.0266788787085401,0.0017784158365236
442eb0ed-1192-4184-aaf9-dc19c73f8678,BINS_VARIANCE,499.0,0.0263932894823248,0.001885261319277
442eb0ed-1192-4184-aaf9-dc19c73f8678,BINS_VARIANCE,749.0,0.026052584301123,0.0017895877747964
442eb0ed-1192-4184-aaf9-dc19c73f8678,BINS_VARIANCE,999.0,0.0254450656214309,0.0021292924573616
442eb0ed-1192-4184-aaf9-dc19c73f8678,BINS_VARIANCE,1249.0,0.0243144496693744,0.002587674740856
442eb0ed-1192-4184-aaf9-dc19c73f8678,BINS_VARIANCE,1499.0,0.0226147027977255,0.0029628576760335
442eb0ed-1192-4184-aaf9-dc19c73f8678,BINS_VARIANCE,1749.0,0.0208448785616754,0.0032424473242254
442eb0ed-1192-4184-aaf9-dc19c73f8678,BINS_VARIANCE,1999.0,0.0188229400644062,0.0031174651333885
442eb0ed-1192-4184-aaf9-dc19c73f8678,BINS_VARIANCE,2249.0,0.01765114080154,0.0025781405592554
442eb0ed-1192-4184-aaf9-dc19c73f8678,BINS_VARIANCE,2499.0,0.0166429401611875,0.0026278595100221
442eb0ed-1192-4184-aaf9-dc19c73f8678,BINS_VARIANCE,2749.0,0.0155667375933045,0.0018831126026383
442eb0ed-1192-4184-aaf9-dc19c73f8678,BINS_VARIANCE,2999.0,0.0149496424863201,0.0015550737429019
442eb0ed-1192-4184-aaf9-dc19c73f8678,BINS_VARIANCE,3249.0,0.0143338378546233,0.0015278363863851
442eb0ed-1192-4184-aaf9-dc19c73f8678,BINS_VARIANCE,3499.0,0.0141951153010324,0.0016802369672653
442eb0ed-1192-4184-aaf9-dc19c73f8678,BINS_VARIANCE,3749.0,0.0138957981784591,0.0015741164602241
442eb0ed-1192-4184-aaf9-dc19c73f8678,BINS_VARIANCE,3999.0,0.0136845331387443,0.0014837056886794
442eb0ed-1192-4184-aaf9-dc19c73f8678,BINS_VARIANCE,4249.0,0.0135703975902273,0.0014876036505895
442eb0ed-1192-4184-aaf9-dc19c73f8678,BINS_VARIANCE,4499.0,0.0135030456743971,0.0014564471834321
442eb0ed-1192-4184-aaf9-dc19c73f8678,BINS_VARIANCE,4749.0,0.0134714455853274,0.0014606602091562
442eb0ed-1192-4184-aaf9-dc19c73f8678,BINS_VARIANCE,4999.0,0.0134509226109616,0.0014660512386848
442eb0ed-1192-4184-aaf9-dc19c73f8678,BINS_VARIANCE,5249.0,0.0134369792913123,0.0014674983276931
442eb0ed-1192-4184-aaf9-dc19c73f8678,BINS_VARIANCE,5499.0,0.0134262724076061,0.001468901702358
442eb0ed-1192-4184-aaf9-dc19c73f8678,BINS_VARIANCE,5749.0,0.0134178081218112,0.0014718688045719
442eb0ed-1192-4184-aaf9-dc19c73f8678,BINS_VARIANCE,5999.0,0.0134128547690278,0.0014734029594501
442eb0ed-1192-4184-aaf9-dc19c73f8678,BINS_VARIANCE,6249.0,0.0134100076032931,0.0014740621955512
442eb0ed-1192-4184-aaf9-dc19c73f8678,BINS_VARIANCE,6499.0,0.0134076637924974,0.0014746363416717
442eb0ed-1192-4184-aaf9-dc19c73f8678,BINS_VARIANCE,6749.0,0.0134056114272763,0.001475216210989
442eb0ed-1192-4184-aaf9-dc19c73f8678,BINS_VARIANCE,6999.0,0.0134034483162979,0.0014757359509127
442eb0ed-1192-4184-aaf9-dc19c73f8678,BINS_VARIANCE,7249.0,0.0134027248475521,0.0014759055450309
442eb0ed-1192-4184-aaf9-dc19c73f8678,BINS_VARIANCE,7499.0,0.0134020139391271,0.0014761444341874
442eb0ed-1192-4184-aaf9-dc19c73f8678,BINS_VARIANCE,7749.0,0.0134015851852591,0.0014762600159114
442eb0ed-1192-4184-aaf9-dc19c73f8678,BINS_VARIANCE,7999.0,0.0134013071351876,0.0014763217261045
442eb0ed-1192-4184-aaf9-dc19c73f8678,BINS_VARIANCE,8249.0,0.0134010888969226,0.0014763875058672
442eb0ed-1192-4184-aaf9-dc19c73f8678,BINS_VARIANCE,8499.0,0.0134009405208211,0.001476433886023
442eb0ed-1192-4184-aaf9-dc19c73f8678,BINS_VARIANCE,8749.0,0.0134008399620375,0.0014764651900903
442eb0ed-1192-4184-aaf9-dc19c73f8678,BINS_VARIANCE,8999.0,0.0134007935198684,0.0014764776005772
442eb0ed-1192-4184-aaf9-dc19c73f8678,BINS_VARIANCE,9249.0,0.0134007509865843,0.0014764864720609
442eb0ed-1192-4184-aaf9-dc19c73f8678,BINS_VARIANCE,9499.0,0.0134007168133715,0.0014764963985772
442eb0ed-1192-4184-aaf9-dc19c73f8678,BINS_VARIANCE,9749.0,0.0134006971380121,0.001476502166435
442eb0ed-1192-4184-aaf9-dc19c73f8678,BINS_VARIANCE,9999.0,0.0134006844951092,0.0014765052962303
5d76b9f6-99a5-4058-b6f2-df350738c1f8,SPREAD,1.0,0.981593422201816,0.0098766207822862
5d76b9f6-99a5-4058-b6f2-df350738c1f8,SPREAD,249.0,0.9765458610549248,0.0135035205048396
5d76b9f6-99a5-4058-b6f2-df350738c1f8,SPREAD,499.0,0.9726479744863754,0.015581320987926
5d76b9f6-99a5-4058-b6f2-df350738c1f8,SPREAD,749.0,0.970350632018464,0.0166473554004319
5d76b9f6-99a5-4058-b6f2-df350738c1f8,SPREAD,999.0,0.9650640220241644,0.0195958888283892
5d76b9f6-99a5-4058-b6f2-df350738c1f8,SPREAD,1249.0,0.958325966168658,0.0229874882711757
5d76b9f6-99a5-4058-b6f2-df350738c1f8,SPREAD,1499.0,0.9522930360500386,0.0267837614768342
5d76b9f6-99a5-4058-b6f2-df350738c1f8,SPREAD,1749.0,0.9430827473707568,0.0307514612765744
5d76b9f6-99a5-4058-b6f2-df350738c1f8,SPREAD,1999.0,0.9361999362041876,0.0345274495248174
5d76b9f6-99a5-4058-b6f2-df350738c1f8,SPREAD,2249.0,0.929345603021,0.0386754473323861
5d76b9f6-99a5-4058-b6f2-df350738c1f8,SPREAD,2499.0,0.923210655742586,0.0424349939444387
5d76b9f6-99a5-4058-b6f2-df350738c1f8,SPREAD,2749.0,0.915168366431988,0.0456704989954737
5d76b9f6-99a5-4058-b6f2-df350738c1f8,SPREAD,2999.0,0.90676518933673,0.050863359030835
5d76b9f6-99a5-4058-b6f2-df350738c1f8,SPREAD,3249.0,0.89878441257658,0.0568386099343876
5d76b9f6-99a5-4058-b6f2-df350738c1f8,SPREAD,3499.0,0.8937286915764305,0.0620205818224796
5d76b9f6-99a5-4058-b6f2-df350738c1f8,SPREAD,3749.0,0.8886945085144144,0.063665344156023
5d76b9f6-99a5-4058-b6f2-df350738c1f8,SPREAD,3999.0,0.8800976658283203,0.0682044987200325
5d76b9f6-99a5-4058-b6f2-df350738c1f8,SPREAD,4249.0,0.8740257536418273,0.0699124568459856
5d76b9f6-99a5-4058-b6f2-df350738c1f8,SPREAD,4499.0,0.8661846411286049,0.0703328903521401
5d76b9f6-99a5-4058-b6f2-df350738c1f8,SPREAD,4749.0,0.8564535079589035,0.0719213521775223
5d76b9f6-99a5-4058-b6f2-df350738c1f8,SPREAD,4999.0,0.8517418704355609,0.0713277281365896
5d76b9f6-99a5-4058-b6f2-df350738c1f8,SPREAD,5249.0,0.8450505791634708,0.0747193186387109
5d76b9f6-99a5-4058-b6f2-df350738c1f8,SPREAD,5499.0,0.838065051893533,0.0718195700471659
5d76b9f6-99a5-4058-b6f2-df350738c1f8,SPREAD,5749.0,0.8307026016878915,0.0710617575438895
5d76b9f6-99a5-4058-b6f2-df350738c1f8,SPREAD,5999.0,0.8230353944355816,0.0711050280684186
5d76b9f6-99a5-4058-b6f2-df350738c1f8,SPREAD,6249.0,0.8186299600354523,0.0723780808193587
5d76b9f6-99a5-4058-b6f2-df350738c1f8,SPREAD,6499.0,0.8156142147692023,0.0723031747974733
5d76b9f6-99a5-4058-b6f2-df350738c1f8,SPREAD,6749.0,0.8114004932572596,0.07226987474046
5d76b9f6-99a5-4058-b6f2-df350738c1f8,SPREAD,6999.0,0.8061936660507019,0.0719924811767685
5d76b9f6-99a5-4058-b6f2-df350738c1f8,SPREAD,7249.0,0.8017860905009936,0.0717447478012168
5d76b9f6-99a5-4058-b6f2-df350738c1f8,SPREAD,7499.0,0.7962284150917609,0.0706927393984194
5d76b9f6-99a5-4058-b6f2-df350738c1f8,SPREAD,7749.0,0.7949267486819986,0.0710337360947302
5d76b9f6-99a5-4058-b6f2-df350738c1f8,SPREAD,7999.0,0.7899482632843219,0.0701297001479671
5d76b9f6-99a5-4058-b6f2-df350738c1f8,SPREAD,8249.0,0.7873499277878422,0.0699352530388339
5d76b9f6-99a5-4058-b6f2-df350738c1f8,SPREAD,8499.0,0.7843452710349339,0.0703619517297311
5d76b9f6-99a5-4058-b6f2-df350738c1f8,SPREAD,8749.0,0.7818250604036555,0.0711406743958239
5d76b9f6-99a5-4058-b6f2-df350738c1f8,SPREAD,8999.0,0.7803372931536309,0.07097766304699
5d76b9f6-99a5-4058-b6f2-df350738c1f8,SPREAD,9249.0,0.7775474948594346,0.0703996084259433
5d76b9f6-99a5-4058-b6f2-df350738c1f8,SPREAD,9499.0,0.773755420586931,0.0711223087983088
5d76b9f6-99a5-4058-b6f2-df350738c1f8,SPREAD,9749.0,0.7717574904594968,0.0717114364823749
5d76b9f6-99a5-4058-b6f2-df350738c1f8,SPREAD,9999.0,0.7697271932230423,0.0715264595478004
5d76b9f6-99a5-4058-b6f2-df350738c1f8,DISPERSION,1.0,0.0814822034976065,0.006925823532997
5d76b9f6-99a5-4058-b6f2-df350738c1f8,DISPERSION,249.0,0.0774783507316772,0.0072101373936547
5d76b9f6-99a5-4058-b6f2-df350738c1f8,DISPERSION,499.0,0.0736906550097354,0.0073806241923578
5d76b9f6-99a5-4058-b6f2-df350738c1f8,DISPERSION,749.0,0.0698934015766284,0.007779925253716
5d76b9f6-99a5-4058-b6f2-df350738c1f8,DISPERSION,999.0,0.0660512296218961,0.0080566637219158
5d76b9f6-99a5-4058-b6f2-df350738c1f8,DISPERSION,1249.0,0.0621991071546067,0.007873606832854
5d76b9f6-99a5-4058-b6f2-df350738c1f8,DISPERSION,1499.0,0.0587973693336309,0.0076626166706536
5d76b9f6-99a5-4058-b6f2-df350738c1f8,DISPERSION,1749.0,0.0557189713464871,0.007677161090693
5d76b9f6-99a5-4058-b6f2-df350738c1f8,DISPERSION,1999.0,0.0529580859580058,0.0076932293610682
5d76b9f6-99a5-4058-b6f2-df350738c1f8,DISPERSION,2249.0,0.0503650064195469,0.00773228668241
5d76b9f6-99a5-4058-b6f2-df350738c1f8,DISPERSION,2499.0,0.0480834738755847,0.0078576195812523
5d76b9f6-99a5-4058-b6f2-df350738c1f8,DISPERSION,2749.0,0.046449330982064,0.0082092977004257
5d76b9f6-99a5-4058-b6f2-df350738c1f8,DISPERSION,2999.0,0.0452767333551849,0.0086204757324653
5d76b9f6-99a5-4058-b6f2-df350738c1f8,DISPERSION,3249.0,0.0444341650638297,0.0088003248111883
5d76b9f6-99a5-4058-b6f2-df350738c1f8,DISPERSION,3499.0,0.0438619903792439,0.0089027308826963
5d76b9f6-99a5-4058-b6f2-df350738c1f8,DISPERSION,3749.0,0.0434462718131566,0.008952602646453
5d76b9f6-99a5-4058-b6f2-df350738c1f8,DISPERSION,3999.0,0.0431090588971043,0.009059435282563
5d76b9f6-99a5-4058-b6f2-df350738c1f8,DISPERSION,4249.0,0.0428500485388922,0.0089835858527724
5d76b9f6-99a5-4058-b6f2-df350738c1f8,DISPERSION,4499.0,0.0425848473585999,0.0089525394301462
5d76b9f6-99a5-4058-b6f2-df350738c1f8,DISPERSION,4749.0,0.0423682967831989,0.0089664929585398
5d76b9f6-99a5-4058-b6f2-df350738c1f8,DISPERSION,4999.0,0.0422067866598978,0.008978924519478
5d76b9f6-99a5-4058-b6f2-df350738c1f8,DISPERSION,5249.0,0.0420868666568091,0.0089750561198527
5d76b9f6-99a5-4058-b6f2-df350738c1f8,DISPERSION,5499.0,0.0419743662478369,0.0090032975348282
5d76b9f6-99a5-4058-b6f2-df350738c1f8,DISPERSION,5749.0,0.0418246732165005,0.0090070044035581
5d76b9f6-99a5-4058-b6f2-df350738c1f8,DISPERSION,5999.0,0.0417315082088832,0.008978289311897
5d76b9f6-99a5-4058-b6f2-df350738c1f8,DISPERSION,6249.0,0.0416786945903194,0.0089614732005083
5d76b9f6-99a5-4058-b6f2-df350738c1f8,DISPERSION,6499.0,0.0415973898168226,0.0089769242437485
5d76b9f6-99a5-4058-b6f2-df350738c1f8,DISPERSION,6749.0,0.041527456462146,0.0090234405848202
5d76b9f6-99a5-4058-b6f2-df350738c1f8,DISPERSION,6999.0,0.0414201454165939,0.0091232469373126
5d76b9f6-99a5-4058-b6f2-df350738c1f8,DISPERSION,7249.0,0.041356184633466,0.009137815292246
5d76b9f6-99a5-4058-b6f2-df350738c1f8,DISPERSION,7499.0,0.0412793973171187,0.0091505041156606
5d76b9f6-99a5-4058-b6f2-df350738c1f8,DISPERSION,7749.0,0.0412511779866125,0.0091777826999263
5d76b9f6-99a5-4058-b6f2-df350738c1f8,DISPERSION,7999.0,0.0411830978111741,0.0091938091984632
5d76b9f6-99a5-4058-b6f2-df350738c1f8,DISPERSION,8249.0,0.0411464254639165,0.0092172249564589
5d76b9f6-99a5-4058-b6f2-df350738c1f8,DISPERSION,8499.0,0.041094628277832,0.0092242646171949
5d76b9f6-99a5-4058-b6f2-df350738c1f8,DISPERSION,8749.0,0.0410627624004749,0.0092256461742713
5d76b9f6-99a5-4058-b6f2-df350738c1f8,DISPERSION,8999.0,0.0410477280394216,0.0092407975530395
5d76b9f6-99a5-4058-b6f2-df350738c1f8,DISPERSION,9249.0,0.0410121299926309,0.0092409155974372
5d76b9f6-99a5-4058-b6f2-df350738c1f8,DISPERSION,9499.0,0.0409719187848728,0.0092410957197636
5d76b9f6-99a5-4058-b6f2-df350738c1f8,DISPERSION,9749.0,0.0409388547515866,0.009237126727775
5d76b9f6-99a5-4058-b6f2-df350738c1f8,DISPERSION,9999.0,0.0409080614374345,0.0092464800443681
5d76b9f6-99a5-4058-b6f2-df350738c1f8,COVERED_BINS,1.0,1.0,0.0
5d76b9f6-99a5-4058-b6f2-df350738c1f8,COVERED_BINS,249.0,1.0,0.0
5d76b9f6-99a5-4058-b6f2-df350738c1f8,COVERED_BINS,499.0,1.0,0.0
5d76b9f6-99a5-4058-b6f2-df350738c1f8,COVERED_BINS,749.0,1.0,0.0
5d76b9f6-99a5-4058-b6f2-df350738c1f8,COVERED_BINS,999.0,0.9975,0.0158113883008418
5d76b9f6-99a5-4058-b6f2-df350738c1f8,COVERED_BINS,1249.0,0.995,0.0220721427863152
5d76b9f6-99a5-4058-b6f2-df350738c1f8,COVERED_BINS,1499.0,0.985,0.0361620285339789
5d76b9f6-99a5-4058-b6f2-df350738c1f8,COVERED_BINS,1749.0,0.9725,0.0554122082262818
5d76b9f6-99a5-4058-b6f2-df350738c1f8,COVERED_BINS,1999.0,0.9350000000000002,0.0833589704154144
5d76b9f6-99a5-4058-b6f2-df350738c1f8,COVERED_BINS,2249.0,0.9125,0.0965759963806901
5d76b9f6-99a5-4058-b6f2-df350738c1f8,COVERED_BINS,2499.0,0.8825000000000001,0.0984169570546531
5d76b9f6-99a5-4058-b6f2-df350738c1f8,COVERED_BINS,2749.0,0.8300000000000001,0.1324328567178913
5d76b9f6-99a5-4058-b6f2-df350738c1f8,COVERED_BINS,2999.0,0.7899999999999999,0.1373746514892572
5d76b9f6-99a5-4058-b6f2-df350738c1f8,COVERED_BINS,3249.0,0.745,0.1357788548924222
5d76b9f6-99a5-4058-b6f2-df350738c1f8,COVERED_BINS,3499.0,0.7075,0.1248332220738267
5d76b9f6-99a5-4058-b6f2-df350738c1f8,COVERED_BINS,3749.0,0.6725,0.1061868213369297
5d76b9f6-99a5-4058-b6f2-df350738c1f8,COVERED_BINS,3999.0,0.64,0.1007662947311557
5d76b9f6-99a5-4058-b6f2-df350738c1f8,COVERED_BINS,4249.0,0.6174999999999999,0.0902631480585288
5d76b9f6-99a5-4058-b6f2-df350738c1f8,COVERED_BINS,4499.0,0.6025,0.0861944730216919
5d76b9f6-99a5-4058-b6f2-df350738c1f8,COVERED_BINS,4749.0,0.5900000000000001,0.1007662947311557
5d76b9f6-99a5-4058-b6f2-df350738c1f8,COVERED_BINS,4999.0,0.58,0.1017790467580353
5d76b9f6-99a5-4058-b6f2-df350738c1f8,COVERED_BINS,5249.0,0.5599999999999999,0.0955416408075825
5d76b9f6-99a5-4058-b6f2-df350738c1f8,COVERED_BINS,5499.0,0.54,0.098188724612481
5d76b9f6-99a5-4058-b6f2-df350738c1f8,COVERED_BINS,5749.0,0.53,0.0911465430375299
5d76b9f6-99a5-4058-b6f2-df350738c1f8,COVERED_BINS,5999.0,0.52,0.0882885711452608
5d76b9f6-99a5-4058-b6f2-df350738c1f8,COVERED_BINS,6249.0,0.5149999999999999,0.0921258893426787
5d76b9f6-99a5-4058-b6f2-df350738c1f8,COVERED_BINS,6499.0,0.5125,0.0911113716902673
5d76b9f6-99a5-4058-b6f2-df350738c1f8,COVERED_BINS,6749.0,0.5025000000000001,0.0861944730216919
5d76b9f6-99a5-4058-b6f2-df350738c1f8,COVERED_BINS,6999.0,0.5,0.0847318545736323
5d76b9f6-99a5-4058-b6f2-df350738c1f8,COVERED_BINS,7249.0,0.49,0.0928190961784514
5d76b9f6-99a5-4058-b6f2-df350738c1f8,COVERED_BINS,7499.0,0.475,0.0926808695996298
5d76b9f6-99a5-4058-b6f2-df350738c1f8,COVERED_BINS,7749.0,0.47,0.0911465430375299
5d76b9f6-99a5-4058-b6f2-df350738c1f8,COVERED_BINS,7999.0,0.4574999999999999,0.0747217059048663
5d76b9f6-99a5-4058-b6f2-df350738c1f8,COVERED_BINS,8249.0,0.4375,0.0704836769610433
5d76b9f6-99a5-4058-b6f2-df350738c1f8,COVERED_BINS,8499.0,0.4349999999999999,0.0699816825850586
5d76b9f6-99a5-4058-b6f2-df350738c1f8,COVERED_BINS,8749.0,0.43,0.0686873257446286
5d76b9f6-99a5-4058-b6f2-df350738c1f8,COVERED_BINS,8999.0,0.43,0.0686873257446286
5d76b9f6-99a5-4058-b6f2-df350738c1f8,COVERED_BINS,9249.0,0.4275,0.064001201911791
5d76b9f6-99a5-4058-b6f2-df350738c1f8,COVERED_BINS,9499.0,0.42,0.0648469598757582
5d76b9f6-99a5-4058-b6f2-df350738c1f8,COVERED_BINS,9749.0,0.4125,0.0647975149887551
5d76b9f6-99a5-4058-b6f2-df350738c1f8,COVERED_BINS,9999.0,0.4125,0.0647975149887551
5d76b9f6-99a5-4058-b6f2-df350738c1f8,BINS_VARIANCE,1.0,0.0266978176000797,0.0014066685141284
5d76b9f6-99a5-4058-b6f2-df350738c1f8,BINS_VARIANCE,249.0,0.0267555772565321,0.0014065714339095
5d76b9f6-99a5-4058-b6f2-df350738c1f8,BINS_VARIANCE,499.0,0.026347465719071,0.0017515575330162
5d76b9f6-99a5-4058-b6f2-df350738c1f8,BINS_VARIANCE,749.0,0.0264422439644992,0.0016290875325993
5d76b9f6-99a5-4058-b6f2-df350738c1f8,BINS_VARIANCE,999.0,0.0260692945607583,0.0014025485777986
5d76b9f6-99a5-4058-b6f2-df350738c1f8,BINS_VARIANCE,1249.0,0.0249745019207644,0.0022763578846262
5d76b9f6-99a5-4058-b6f2-df350738c1f8,BINS_VARIANCE,1499.0,0.0242968066198125,0.002355109467797
5d76b9f6-99a5-4058-b6f2-df350738c1f8,BINS_VARIANCE,1749.0,0.022215309599067,0.0031812591921162
5d76b9f6-99a5-4058-b6f2-df350738c1f8,BINS_VARIANCE,1999.0,0.0201623821550104,0.0038890448770812
5d76b9f6-99a5-4058-b6f2-df350738c1f8,BINS_VARIANCE,2249.0,0.0184939141983059,0.003865185472523
5d76b9f6-99a5-4058-b6f2-df350738c1f8,BINS_VARIANCE,2499.0,0.0167481956035548,0.0041091063337483
5d76b9f6-99a5-4058-b6f2-df350738c1f8,BINS_VARIANCE,2749.0,0.0146366639394209,0.0037417688120831
5d76b9f6-99a5-4058-b6f2-df350738c1f8,BINS_VARIANCE,2999.0,0.013083012532961,0.0029941060382128
5d76b9f6-99a5-4058-b6f2-df350738c1f8,BINS_VARIANCE,3249.0,0.0112702579987513,0.0029356644259049
5d76b9f6-99a5-4058-b6f2-df350738c1f8,BINS_VARIANCE,3499.0,0.0101613260044401,0.0028114926767213
5d76b9f6-99a5-4058-b6f2-df350738c1f8,BINS_VARIANCE,3749.0,0.0093110190796802,0.0026880675433775
5d76b9f6-99a5-4058-b6f2-df350738c1f8,BINS_VARIANCE,3999.0,0.0086689875428006,0.0024237440366291
5d76b9f6-99a5-4058-b6f2-df350738c1f8,BINS_VARIANCE,4249.0,0.0079951284113455,0.0024964038740631
5d76b9f6-99a5-4058-b6f2-df350738c1f8,BINS_VARIANCE,4499.0,0.0078327260097011,0.0024556474360234
5d76b9f6-99a5-4058-b6f2-df350738c1f8,BINS_VARIANCE,4749.0,0.0073711056072199,0.0026528047256273
5d76b9f6-99a5-4058-b6f2-df350738c1f8,BINS_VARIANCE,4999.0,0.0068807031040861,0.002494892807146
5d76b9f6-99a5-4058-b6f2-df350738c1f8,BINS_VARIANCE,5249.0,0.0066356009117161,0.0024503830837771
5d76b9f6-99a5-4058-b6f2-df350738c1f8,BINS_VARIANCE,5499.0,0.0064709289276946,0.00245894984129
5d76b9f6-99a5-4058-b6f2-df350738c1f8,BINS_VARIANCE,5749.0,0.0059954802672703,0.002338418146646
5d76b9f6-99a5-4058-b6f2-df350738c1f8,BINS_VARIANCE,5999.0,0.0054495695066707,0.0021501330388718
5d76b9f6-99a5-4058-b6f2-df350738c1f8,BINS_VARIANCE,6249.0,0.0052209416696428,0.0021165444258757
5d76b9f6-99a5-4058-b6f2-df350738c1f8,BINS_VARIANCE,6499.0,0.0050411586958663,0.0021559673649065
5d76b9f6-99a5-4058-b6f2-df350738c1f8,BINS_VARIANCE,6749.0,0.0049040031991652,0.0020613073033547
5d76b9f6-99a5-4058-b6f2-df350738c1f8,BINS_VARIANCE,6999.0,0.0046986266879455,0.0020768437721896
5d76b9f6-99a5-4058-b6f2-df350738c1f8,BINS_VARIANCE,7249.0,0.004516103514062,0.0020238200165008
5d76b9f6-99a5-4058-b6f2-df350738c1f8,BINS_VARIANCE,7499.0,0.0044158934228677,0.0019110321707685
5d76b9f6-99a5-4058-b6f2-df350738c1f8,BINS_VARIANCE,7749.0,0.0042857033081475,0.0018880475741806
5d76b9f6-99a5-4058-b6f2-df350738c1f8,BINS_VARIANCE,7999.0,0.0041204380284236,0.001914264972346
5d76b9f6-99a5-4058-b6f2-df350738c1f8,BINS_VARIANCE,8249.0,0.003879901942189,0.0018382580217599
5d76b9f6-99a5-4058-b6f2-df350738c1f8,BINS_VARIANCE,8499.0,0.0036836972928326,0.0018521493961665
5d76b9f6-99a5-4058-b6f2-df350738c1f8,BINS_VARIANCE,8749.0,0.0035283312936671,0.0017903480305132
5d76b9f6-99a5-4058-b6f2-df350738c1f8,BINS_VARIANCE,8999.0,0.0034691354765047,0.0018195052985332
5d76b9f6-99a5-4058-b6f2-df350738c1f8,BINS_VARIANCE,9249.0,0.0033470397596366,0.0017970290800912
5d76b9f6-99a5-4058-b6f2-df350738c1f8,BINS_VARIANCE,9499.0,0.0031943877885618,0.0017143163675671
5d76b9f6-99a5-4058-b6f2-df350738c1f8,BINS_VARIANCE,9749.0,0.0030906909090653,0.001665552746059
5d76b9f6-99a5-4058-b6f2-df350738c1f8,BINS_VARIANCE,9999.0,0.0029640072029393,0.0015652015250753
b756daf9-585b-4b4b-9724-4a373bef92bf,SPREAD,1.0,0.9789955188302444,0.0151250822458238
b756daf9-585b-4b4b-9724-4a373bef92bf,SPREAD,249.0,0.9868287580126062,0.0249654671749377
b756daf9-585b-4b4b-9724-4a373bef92bf,SPREAD,499.0,0.9658643553404116,0.0578601588857155
b756daf9-585b-4b4b-9724-4a373bef92bf,SPREAD,749.0,0.8295208605027831,0.127197770320349
b756daf9-585b-4b4b-9724-4a373bef92bf,SPREAD,999.0,0.6180816555185171,0.1831344602476672
b756daf9-585b-4b4b-9724-4a373bef92bf,SPREAD,1249.0,0.3836161866324111,0.2019454699513006
b756daf9-585b-4b4b-9724-4a373bef92bf,SPREAD,1499.0,0.2140748196415246,0.1509248708652712
b756daf9-585b-4b4b-9724-4a373bef92bf,SPREAD,1749.0,0.104989557445466,0.1057599492166311
b756daf9-585b-4b4b-9724-4a373bef92bf,SPREAD,1999.0,0.0520851321681773,0.0827733438872644
b756daf9-585b-4b4b-9724-4a373bef92bf,SPREAD,2249.0,0.0283087225024484,0.0791441967114064
b756daf9-585b-4b4b-9724-4a373bef92bf,SPREAD,2499.0,0.0196926772579619,0.0798804227733504
b756daf9-585b-4b4b-9724-4a373bef92bf,SPREAD,2749.0,0.0158947414117699,0.0803101494437431
b756daf9-585b-4b4b-9724-4a373bef92bf,SPREAD,2999.0,0.0143470014208645,0.0805212942757208
b756daf9-585b-4b4b-9724-4a373bef92bf,SPREAD,3249.0,0.0135319310397341,0.0806230508276244
b756daf9-585b-4b4b-9724-4a373bef92bf,SPREAD,3499.0,0.0130926502237276,0.0806779681163277
b756daf9-585b-4b4b-9724-4a373bef92bf,SPREAD,3749.0,0.0129272929109211,0.0806979827772427
b756daf9-585b-4b4b-9724-4a373bef92bf,SPREAD,3999.0,0.0128557264874564,0.0807080085488917
b756daf9-585b-4b4b-9724-4a373bef92bf,SPREAD,4249.0,0.0128050620598475,0.0807158228054909
b756daf9-585b-4b4b-9724-4a373bef92bf,SPREAD,4499.0,0.0127788892283128,0.0807194271880552
b756daf9-585b-4b4b-9724-4a373bef92bf,SPREAD,4749.0,0.0127708418221175,0.080720604557594
b756daf9-585b-4b4b-9724-4a373bef92bf,SPREAD,4999.0,0.0127670753492791,0.0807210841108081
b756daf9-585b-4b4b-9724-4a373bef92bf,SPREAD,5249.0,0.0127649073504711,0.0807214197093446
b756daf9-585b-4b4b-9724-4a373bef92bf,SPREAD,5499.0,0.0127640541106183,0.0807215479735335
b756daf9-585b-4b4b-9724-4a373bef92bf,SPREAD,5749.0,0.0127636062786841,0.0807216172737658
b756daf9-585b-4b4b-9724-4a373bef92bf,SPREAD,5999.0,0.0127634121117925,0.0807216459082459
b756daf9-585b-4b4b-9724-4a373bef92bf,SPREAD,6249.0,0.0127632975472873,0.0807216636055934
b756daf9-585b-4b4b-9724-4a373bef92bf,SPREAD,6499.0,0.0127632511527441,0.080721670251067
b756daf9-585b-4b4b-9724-4a373bef92bf,SPREAD,6749.0,0.0127632339031006,0.0807216727480671
b756daf9-585b-4b4b-9724-4a373bef92bf,SPREAD,6999.0,0.0127632244599637,0.080721674204198
b756daf9-585b-4b4b-9724-4a373bef92bf,SPREAD,7249.0,0.012763220442533,0.0807216746376055
b756daf9-585b-4b4b-9724-4a373bef92bf,SPREAD,7499.0,0.0127632188701587,0.0807216748648571
b756daf9-585b-4b4b-9724-4a373bef92bf,SPREAD,7749.0,0.0127632181405271,0.0807216749626018
b756daf9-585b-4b4b-9724-4a373bef92bf,SPREAD,7999.0,0.0127632177574525,0.080721675012707
b756daf9-585b-4b4b-9724-4a373bef92bf,SPREAD,8249.0,0.0127632176220737,0.0807216750298024
b756daf9-585b-4b4b-9724-4a373bef92bf,SPREAD,8499.0,0.0127632175486908,0.0807216750400754
b756daf9-585b-4b4b-9724-4a373bef92bf,SPREAD,8749.0,0.0127632175176476,0.0807216750448628
b756daf9-585b-4b4b-9724-4a373bef92bf,SPREAD,8999.0,0.012763217499843,0.0807216750473623
b756daf9-585b-4b4b-9724-4a373bef92bf,SPREAD,9249.0,0.012763217492206,0.080721675048525
b756daf9-585b-4b4b-9724-4a373bef92bf,SPREAD,9499.0,0.0127632174884904,0.0807216750490854
b756daf9-585b-4b4b-9724-4a373bef92bf,SPREAD,9749.0,0.0127632174867074,0.0807216750493405
b756daf9-585b-4b4b-9724-4a373bef92bf,SPREAD,9999.0,0.0127632174857984,0.0807216750494742
b756daf9-585b-4b4b-9724-4a373bef92bf,DISPERSION,1.0,0.0825915469940402,0.007466181474644
b756daf9-585b-4b4b-9724-4a373bef92bf,DISPERSION,249.0,0.061040021991573,0.0087020495682252
b756daf9-585b-4b4b-9724-4a373bef92bf,DISPERSION,499.0,0.0396740586450297,0.0092204198414134
b756daf9-585b-4b4b-9724-4a373bef92bf,DISPERSION,749.0,0.0205053344090507,0.0080901705893017
b756daf9-585b-4b4b-9724-4a373bef92bf,DISPERSION,999.0,0.0082641821070957,0.0051822338466091
b756daf9-585b-4b4b-9724-4a373bef92bf,DISPERSION,1249.0,0.002693080508855,0.0024015889510477
b756daf9-585b-4b4b-9724-4a373bef92bf,DISPERSION,1499.0,0.0008172955531336,0.0009394543807295
b756daf9-585b-4b4b-9724-4a373bef92bf,DISPERSION,1749.0,0.0002449378074337,0.0004819551531638
b756daf9-585b-4b4b-9724-4a373bef92bf,DISPERSION,1999.0,9.92042518096322e-05,0.0004072125476315
b756daf9-585b-4b4b-9724-4a373bef92bf,DISPERSION,2249.0,7.017103830505019e-05,0.0004072432425852
b756daf9-585b-4b4b-9724-4a373bef92bf,DISPERSION,2499.0,6.567996809842431e-05,0.0004078148673469
b756daf9-585b-4b4b-9724-4a373bef92bf,DISPERSION,2749.0,6.47612006766492e-05,0.0004079482214246
b756daf9-585b-4b4b-9724-4a373bef92bf,DISPERSION,2999.0,6.457618543492607e-05,0.0004079758069182
b756daf9-585b-4b4b-9724-4a373bef92bf,DISPERSION,3249.0,6.45278248558065e-05,0.0004079828814231
b756daf9-585b-4b4b-9724-4a373bef92bf,DISPERSION,3499.0,6.451186755355591e-05,0.0004079858724364
b756daf9-585b-4b4b-9724-4a373bef92bf,DISPERSION,3749.0,6.450919855619221e-05,0.0004079861959243
b756daf9-585b-4b4b-9724-4a373bef92bf,DISPERSION,3999.0,6.450865529636105e-05,0.0004079861416315
b756daf9-585b-4b4b-9724-4a373bef92bf,DISPERSION,4249.0,6.450836757500701e-05,0.0004079862730911
b756daf9-585b-4b4b-9724-4a373bef92bf,DISPERSION,4499.0,6.450830317063982e-05,0.000407986252687
b756daf9-585b-4b4b-9724-4a373bef92bf,DISPERSION,4749.0,6.450829164689603e-05,0.0004079862403962
b756daf9-585b-4b4b-9724-4a373bef92bf,DISPERSION,4999.0,6.45082896891999e-05,0.0004079862422213
b756daf9-585b-4b4b-9724-4a373bef92bf,DISPERSION,5249.0,6.450828944525489e-05,0.0004079862444348
b756daf9-585b-4b4b-9724-4a373bef92bf,DISPERSION,5499.0,6.450828937751801e-05,0.0004079862446099
b756daf9-585b-4b4b-9724-4a373bef92bf,DISPERSION,5749.0,6.450828936535675e-05,0.0004079862446703
b756daf9-585b-4b4b-9724-4a373bef92bf,DISPERSION,5999.0,6.450828936044104e-05,0.0004079862446701
b756daf9-585b-4b4b-9724-4a373bef92bf,DISPERSION,6249.0,6.450828934508915e-05,0.0004079862445812
b756daf9-585b-4b4b-9724-4a373bef92bf,DISPERSION,6499.0,6.450828934518571e-05,0.0004079862445834
b756daf9-585b-4b4b-9724-4a373bef92bf,DISPERSION,6749.0,6.450828934580913e-05,0.0004079862445877
b756daf9-585b-4b4b-9724-4a373bef92bf,DISPERSION,6999.0,6.45082893450322e-05,0.0004079862445829
b756daf9-585b-4b4b-9724-4a373bef92bf,DISPERSION,7249.0,6.450828934582306e-05,0.0004079862445879
b756daf9-585b-4b4b-9724-4a373bef92bf,DISPERSION,7499.0,6.45082893459865e-05,0.0004079862445889
b756daf9-585b-4b4b-9724-4a373bef92bf,DISPERSION,7749.0,6.450828934583822e-05,0.000407986244588
b756daf9-585b-4b4b-9724-4a373bef92bf,DISPERSION,7999.0,6.450828934591565e-05,0.0004079862445885
b756daf9-585b-4b4b-9724-4a373bef92bf,DISPERSION,8249.0,6.450828934585331e-05,0.0004079862445881
b756daf9-585b-4b4b-9724-4a373bef92bf,DISPERSION,8499.0,6.450828934584492e-05,0.000407986244588
b756daf9-585b-4b4b-9724-4a373bef92bf,DISPERSION,8749.0,6.450828934583775e-05,0.000407986244588
b756daf9-585b-4b4b-9724-4a373bef92bf,DISPERSION,8999.0,6.450828934583813e-05,0.000407986244588
b756daf9-585b-4b4b-9724-4a373bef92bf,DISPERSION,9249.0,6.450828934583704e-05,0.000407986244588
b756daf9-585b-4b4b-9724-4a373bef92bf,DISPERSION,9499.0,6.450828934583744e-05,0.000407986244588
b756daf9-585b-4b4b-9724-4a373bef92bf,DISPERSION,9749.0,6.450828934583736e-05,0.000407986244588
b756daf9-585b-4b4b-9724-4a373bef92bf,DISPERSION,9999.0,6.450828934583733e-05,0.000407986244588
b756daf9-585b-4b4b-9724-4a373bef92bf,COVERED_BINS,1.0,1.0,0.0
b756daf9-585b-4b4b-9724-4a373bef92bf,COVERED_BINS,249.0,0.9975,0.0158113883008418
b756daf9-585b-4b4b-9724-4a373bef92bf,COVERED_BINS,499.0,0.9825000000000002,0.0384807644254792
b756daf9-585b-4b4b-9724-4a373bef92bf,COVERED_BINS,749.0,0.85,0.1037749043325541
b756daf9-585b-4b4b-9724-4a373bef92bf,COVERED_BINS,999.0,0.635,0.1350213658306315
b756daf9-585b-4b4b-9724-4a373bef92bf,COVERED_BINS,1249.0,0.4199999999999999,0.1488416815070501
b756daf9-585b-4b4b-9724-4a373bef92bf,COVERED_BINS,1499.0,0.2699999999999999,0.0882885711452608
b756daf9-585b-4b4b-9724-4a373bef92bf,COVERED_BINS,1749.0,0.2174999999999999,0.0384807644254792
b756daf9-585b-4b4b-9724-4a373bef92bf,COVERED_BINS,1999.0,0.185,0.042667467941194
b756daf9-585b-4b4b-9724-4a373bef92bf,COVERED_BINS,2249.0,0.1549999999999999,0.0503831473655778
b756daf9-585b-4b4b-9724-4a373bef92bf,COVERED_BINS,2499.0,0.1325,0.0474341649025256
b756daf9-585b-4b4b-9724-4a373bef92bf,COVERED_BINS,2749.0,0.1149999999999999,0.0361620285339789
b756daf9-585b-4b4b-9724-4a373bef92bf,COVERED_BINS,2999.0,0.105,0.0220721427863152
b756daf9-585b-4b4b-9724-4a373bef92bf,COVERED_BINS,3249.0,0.105,0.0220721427863152
b756daf9-585b-4b4b-9724-4a373bef92bf,COVERED_BINS,3499.0,0.105,0.0220721427863152
b756daf9-585b-4b4b-9724-4a373bef92bf,COVERED_BINS,3749.0,0.1025,0.0158113883008418
b756daf9-585b-4b4b-9724-4a373bef92bf,COVERED_BINS,3999.0,0.1025,0.0158113883008418
b756daf9-585b-4b4b-9724-4a373bef92bf,COVERED_BINS,4249.0,0.1025,0.0158113883008418
b756daf9-585b-4b4b-9724-4a373bef92bf,COVERED_BINS,4499.0,0.1025,0.0158113883008418
b756daf9-585b-4b4b-9724-4a373bef92bf,COVERED_BINS,4749.0,0.1025,0.0158113883008418
b756daf9-585b-4b4b-9724-4a373bef92bf,COVERED_BINS,4999.0,0.1025,0.0158113883008418
b756daf9-585b-4b4b-9724-4a373bef92bf,COVERED_BINS,5249.0,0.1025,0.0158113883008418
b756daf9-585b-4b4b-9724-4a373bef92bf,COVERED_BINS,5499.0,0.1025,0.0158113883008418
b756daf9-585b-4b4b-9724-4a373bef92bf,COVERED_BINS,5749.0,0.1025,0.0158113883008418
b756daf9-585b-4b4b-9724-4a373bef92bf,COVERED_BINS,5999.0,0.1025,0.0158113883008418
b756daf9-585b-4b4b-9724-4a373bef92bf,COVERED_BINS,6249.0,0.1025,0.0158113883008418
b756daf9-585b-4b4b-9724-4a373bef92bf,COVERED_BINS,6499.0,0.1025,0.0158113883008418
b756daf9-585b-4b4b-9724-4a373bef92bf,COVERED_BINS,6749.0,0.1025,0.0158113883008418
b756daf9-585b-4b4b-9724-4a373bef92bf,COVERED_BINS,6999.0,0.1025,0.0158113883008418
b756daf9-585b-4b4b-9724-4a373bef92bf,COVERED_BINS,7249.0,0.1025,0.0158113883008418
b756daf9-585b-4b4b-9724-4a373bef92bf,COVERED_BINS,7499.0,0.1025,0.0158113883008418
b756daf9-585b-4b4b-9724-4a373bef92bf,COVERED_BINS,7749.0,0.1025,0.0158113883008418
b756daf9-585b-4b4b-9724-4a373bef92bf,COVERED_BINS,7999.0,0.1025,0.0158113883008418
b756daf9-585b-4b4b-9724-4a373bef92bf,COVERED_BINS,8249.0,0.1025,0.0158113883008418
b756daf9-585b-4b4b-9724-4a373bef92bf,COVERED_BINS,8499.0,0.1025,0.0158113883008418
b756daf9-585b-4b4b-9724-4a373bef92bf,COVERED_BINS,8749.0,0.1025,0.0158113883008418
b756daf9-585b-4b4b-9724-4a373bef92bf,COVERED_BINS,8999.0,0.1025,0.0158113883008418
b756daf9-585b-4b4b-9724-4a373bef92bf,COVERED_BINS,9249.0,0.1025,0.0158113883008418
b756daf9-585b-4b4b-9724-4a373bef92bf,COVERED_BINS,9499.0,0.1025,0.0158113883008418
b756daf9-585b-4b4b-9724-4a373bef92bf,COVERED_BINS,9749.0,0.1025,0.0158113883008418
b756daf9-585b-4b4b-9724-4a373bef92bf,COVERED_BINS,9999.0,0.1025,0.0158113883008418
b756daf9-585b-4b4b-9724-4a373bef92bf,BINS_VARIANCE,1.0,0.0268066915053622,0.0016372924912242
b756daf9-585b-4b4b-9724-4a373bef92bf,BINS_VARIANCE,249.0,0.027080167030664,0.0024733110206219
b756daf9-585b-4b4b-9724-4a373bef92bf,BINS_VARIANCE,499.0,0.0240374514195985,0.0036946683021478
b756daf9-585b-4b4b-9724-4a373bef92bf,BINS_VARIANCE,749.0,0.0177185979736727,0.0041035802422011
b756daf9-585b-4b4b-9724-4a373bef92bf,BINS_VARIANCE,999.0,0.0108330114364667,0.0032897160556406
b756daf9-585b-4b4b-9724-4a373bef92bf,BINS_VARIANCE,1249.0,0.005582301081287,0.0023270655671918
b756daf9-585b-4b4b-9724-4a373bef92bf,BINS_VARIANCE,1499.0,0.0027244899287606,0.0011805018053242
b756daf9-585b-4b4b-9724-4a373bef92bf,BINS_VARIANCE,1749.0,0.0014560851036447,0.000753096578351
b756daf9-585b-4b4b-9724-4a373bef92bf,BINS_VARIANCE,1999.0,0.0006026564348744,0.0003475665268065
b756daf9-585b-4b4b-9724-4a373bef92bf,BINS_VARIANCE,2249.0,0.0002667391019043,0.0002346555945286
b756daf9-585b-4b4b-9724-4a373bef92bf,BINS_VARIANCE,2499.0,0.0001016904598392,5.514718458188462e-05
b756daf9-585b-4b4b-9724-4a373bef92bf,BINS_VARIANCE,2749.0,4.428414214368456e-05,2.3885578734158702e-05
b756daf9-585b-4b4b-9724-4a373bef92bf,BINS_VARIANCE,2999.0,2.09573505095591e-05,1.6276015879125375e-05
b756daf9-585b-4b4b-9724-4a373bef92bf,BINS_VARIANCE,3249.0,1.001778641155261e-05,9.997154762469083e-06
b756daf9-585b-4b4b-9724-4a373bef92bf,BINS_VARIANCE,3499.0,4.368712090368007e-06,4.124814694789455e-06
b756daf9-585b-4b4b-9724-4a373bef92bf,BINS_VARIANCE,3749.0,2.101232917827429e-06,2.1583943817492813e-06
b756daf9-585b-4b4b-9724-4a373bef92bf,BINS_VARIANCE,3999.0,1.1196841899275862e-06,1.5936108025357273e-06
b756daf9-585b-4b4b-9724-4a373bef92bf,BINS_VARIANCE,4249.0,5.226717507130108e-07,6.764141934291731e-07
b756daf9-585b-4b4b-9724-4a373bef92bf,BINS_VARIANCE,4499.0,2.24674822351034e-07,2.7157111573500745e-07
b756daf9-585b-4b4b-9724-4a373bef92bf,BINS_VARIANCE,4749.0,1.0526570750162839e-07,1.3523718913823856e-07
b756daf9-585b-4b4b-9724-4a373bef92bf,BINS_VARIANCE,4999.0,4.926787958235627e-08,6.848049852055779e-08
b756daf9-585b-4b4b-9724-4a373bef92bf,BINS_VARIANCE,5249.0,2.2292088035775433e-08,2.6972646900739745e-08
b756daf9-585b-4b4b-9724-4a373bef92bf,BINS_VARIANCE,5499.0,1.0567186495877302e-08,1.2954754729880881e-08
b756daf9-585b-4b4b-9724-4a373bef92bf,BINS_VARIANCE,5749.0,5.045584887972166e-09,6.247642153971157e-09
b756daf9-585b-4b4b-9724-4a373bef92bf,BINS_VARIANCE,5999.0,2.377174945653189e-09,3.223270701661149e-09
b756daf9-585b-4b4b-9724-4a373bef92bf,BINS_VARIANCE,6249.0,1.0615329112251143e-09,1.4748777711417452e-09
b756daf9-585b-4b4b-9724-4a373bef92bf,BINS_VARIANCE,6499.0,4.795436308033757e-10,6.589278072663375e-10
b756daf9-585b-4b4b-9724-4a373bef92bf,BINS_VARIANCE,6749.0,2.264603070798091e-10,3.189414156519199e-10
b756daf9-585b-4b4b-9724-4a373bef92bf,BINS_VARIANCE,6999.0,9.792105939514724e-11,1.3434666629069774e-10
b756daf9-585b-4b4b-9724-4a373bef92bf,BINS_VARIANCE,7249.0,4.399440523131609e-11,6.016512224200168e-11
b756daf9-585b-4b4b-9724-4a373bef92bf,BINS_VARIANCE,7499.0,2.0454871337934783e-11,2.7827146553239777e-11
b756daf9-585b-4b4b-9724-4a373bef92bf,BINS_VARIANCE,7749.0,9.319984325615236e-12,1.3313004413557096e-11
b756daf9-585b-4b4b-9724-4a373bef92bf,BINS_VARIANCE,7999.0,4.030658238282263e-12,5.654038129182702e-12
b756daf9-585b-4b4b-9724-4a373bef92bf,BINS_VARIANCE,8249.0,1.870803202522958e-12,2.535292793469127e-12
b756daf9-585b-4b4b-9724-4a373bef92bf,BINS_VARIANCE,8499.0,8.825421613932507e-13,1.332929287142968e-12
b756daf9-585b-4b4b-9724-4a373bef92bf,BINS_VARIANCE,8749.0,4.243019209008372e-13,6.500475168084349e-13
b756daf9-585b-4b4b-9724-4a373bef92bf,BINS_VARIANCE,8999.0,2.0348259659439252e-13,3.296819521355369e-13
b756daf9-585b-4b4b-9724-4a373bef92bf,BINS_VARIANCE,9249.0,9.682487433017809e-14,1.5760477194307648e-13
b756daf9-585b-4b4b-9724-4a373bef92bf,BINS_VARIANCE,9499.0,4.6881743420116477e-14,7.780312313538256e-14
b756daf9-585b-4b4b-9724-4a373bef92bf,BINS_VARIANCE,9749.0,2.2853146285516432e-14,4.11899535649804e-14
b756daf9-585b-4b4b-9724-4a373bef92bf,BINS_VARIANCE,9999.0,1.0303610988069795e-14,1.8736999906253592e-14
3662c84a-3cb0-48b5-8e27-32400ad38aa5,SPREAD,1.0,0.9796053024794965,0.014115371642802287
3662c84a-3cb0-48b5-8e27-32400ad38aa5,SPREAD,249.0,0.995650831063313,0.01622747897970917
3662c84a-3cb0-48b5-8e27-32400ad38aa5,SPREAD,499.0,0.9530515692384304,0.06882090675019163
3662c84a-3cb0-48b5-8e27-32400ad38aa5,SPREAD,749.0,0.7893166353320908,0.15778294740711407
3662c84a-3cb0-48b5-8e27-32400ad38aa5,SPREAD,999.0,0.5176709522791455,0.20360544181860868
3662c84a-3cb0-48b5-8e27-32400ad38aa5,SPREAD,1249.0,0.26812321191464017,0.17053626105704983
3662c84a-3cb0-48b5-8e27-32400ad38aa5,SPREAD,1499.0,0.1407438031516974,0.13190773637878017
3662c84a-3cb0-48b5-8e27-32400ad38aa5,SPREAD,1749.0,0.07758122041373935,0.1157547892680595
3662c84a-3cb0-48b5-8e27-32400ad38aa5,SPREAD,1999.0,0.049169598594256764,0.1172310638923161
3662c84a-3cb0-48b5-8e27-32400ad38aa5,SPREAD,2249.0,0.037741006381308194,0.11738457785766504
3662c84a-3cb0-48b5-8e27-32400ad38aa5,SPREAD,2499.0,0.03189629193986796,0.118075545882659
3662c84a-3cb0-48b5-8e27-32400ad38aa5,SPREAD,2749.0,0.02909511446555842,0.11838571684434918
3662c84a-3cb0-48b5-8e27-32400ad38aa5,SPREAD,2999.0,0.02783231833606275,0.11848894255873633
3662c84a-3cb0-48b5-8e27-32400ad38aa5,SPREAD,3249.0,0.027271181024875198,0.11856246338708012
3662c84a-3cb0-48b5-8e27-32400ad38aa5,SPREAD,3499.0,0.02705356148745785,0.11860697812724348
3662c84a-3cb0-48b5-8e27-32400ad38aa5,SPREAD,3749.0,0.026958853371923257,0.11861643746045422
3662c84a-3cb0-48b5-8e27-32400ad38aa5,SPREAD,3999.0,0.02690276149154805,0.11858470677201599
3662c84a-3cb0-48b5-8e27-32400ad38aa5,SPREAD,4249.0,0.026880173322675838,0.11858381772478967
3662c84a-3cb0-48b5-8e27-32400ad38aa5,SPREAD,4499.0,0.026870791875832967,0.11858223271732479
3662c84a-3cb0-48b5-8e27-32400ad38aa5,SPREAD,4749.0,0.02686607715101096,0.1185822406360544
3662c84a-3cb0-48b5-8e27-32400ad38aa5,SPREAD,4999.0,0.026864068922795515,0.11858222466162666
3662c84a-3cb0-48b5-8e27-32400ad38aa5,SPREAD,5249.0,0.026863148548041282,0.1185820893347255
3662c84a-3cb0-48b5-8e27-32400ad38aa5,SPREAD,5499.0,0.026862716017723703,0.11858209442571555
3662c84a-3cb0-48b5-8e27-32400ad38aa5,SPREAD,5749.0,0.026862552866021655,0.1185820726966956
3662c84a-3cb0-48b5-8e27-32400ad38aa5,SPREAD,5999.0,0.026862450156425015,0.11858204535883536
3662c84a-3cb0-48b5-8e27-32400ad38aa5,SPREAD,6249.0,0.026862405260418904,0.11858204544977277
3662c84a-3cb0-48b5-8e27-32400ad38aa5,SPREAD,6499.0,0.026862385224513223,0.1185820392320443
3662c84a-3cb0-48b5-8e27-32400ad38aa5,SPREAD,6749.0,0.02686237562891976,0.11858203712569172
3662c84a-3cb0-48b5-8e27-32400ad38aa5,SPREAD,6999.0,0.026862371307056664,0.11858203555513651
3662c84a-3cb0-48b5-8e27-32400ad38aa5,SPREAD,7249.0,0.026862369341879338,0.11858203442492907
3662c84a-3cb0-48b5-8e27-32400ad38aa5,SPREAD,7499.0,0.0268623686178389,0.1185820343615411
3662c84a-3cb0-48b5-8e27-32400ad38aa5,SPREAD,7749.0,0.02686236824631058,0.11858203424205786
3662c84a-3cb0-48b5-8e27-32400ad38aa5,SPREAD,7999.0,0.026862368064802866,0.11858203424025485
3662c84a-3cb0-48b5-8e27-32400ad38aa5,SPREAD,8249.0,0.026862367975974584,0.11858203423151238
3662c84a-3cb0-48b5-8e27-32400ad38aa5,SPREAD,8499.0,0.026862367940250136,0.11858203421761344
3662c84a-3cb0-48b5-8e27-32400ad38aa5,SPREAD,8749.0,0.026862367923506814,0.11858203421467628
3662c84a-3cb0-48b5-8e27-32400ad38aa5,SPREAD,8999.0,0.02686236791524029,0.11858203421059628
3662c84a-3cb0-48b5-8e27-32400ad38aa5,SPREAD,9249.0,0.02686236791174946,0.11858203420856263
3662c84a-3cb0-48b5-8e27-32400ad38aa5,SPREAD,9499.0,0.026862367910276973,0.118582034208105
3662c84a-3cb0-48b5-8e27-32400ad38aa5,SPREAD,9749.0,0.026862367909544316,0.11858203420783328
3662c84a-3cb0-48b5-8e27-32400ad38aa5,SPREAD,9999.0,0.02686236790920426,0.11858203420776124
3662c84a-3cb0-48b5-8e27-32400ad38aa5,DISPERSION,1.0,0.08167037778620448,0.007305541949792253
3662c84a-3cb0-48b5-8e27-32400ad38aa5,DISPERSION,249.0,0.061329270206155265,0.011772929623595838
3662c84a-3cb0-48b5-8e27-32400ad38aa5,DISPERSION,499.0,0.0332104067904578,0.011523329150978963
3662c84a-3cb0-48b5-8e27-32400ad38aa5,DISPERSION,749.0,0.013307610858327459,0.007921214308960265
3662c84a-3cb0-48b5-8e27-32400ad38aa5,DISPERSION,999.0,0.004491606964761341,0.0040348904081476365
3662c84a-3cb0-48b5-8e27-32400ad38aa5,DISPERSION,1249.0,0.0013628847395585697,0.0016445372115606327
3662c84a-3cb0-48b5-8e27-32400ad38aa5,DISPERSION,1499.0,0.0004877488003617039,0.0010470639147167633
3662c84a-3cb0-48b5-8e27-32400ad38aa5,DISPERSION,1749.0,0.00026742691898658455,0.0009924643187283878
3662c84a-3cb0-48b5-8e27-32400ad38aa5,DISPERSION,1999.0,0.0002249849010848295,0.000992237344305686
3662c84a-3cb0-48b5-8e27-32400ad38aa5,DISPERSION,2249.0,0.0002158630854027047,0.000992340621423593
3662c84a-3cb0-48b5-8e27-32400ad38aa5,DISPERSION,2499.0,0.00021362735471716756,0.0009925676935167275
3662c84a-3cb0-48b5-8e27-32400ad38aa5,DISPERSION,2749.0,0.00021311388484976184,0.0009925710697991335
3662c84a-3cb0-48b5-8e27-32400ad38aa5,DISPERSION,2999.0,0.000212991475018586,0.0009925554301678356
3662c84a-3cb0-48b5-8e27-32400ad38aa5,DISPERSION,3249.0,0.00021296991334571143,0.0009925545186754597
3662c84a-3cb0-48b5-8e27-32400ad38aa5,DISPERSION,3499.0,0.00021296728253344415,0.0009925632633655374
3662c84a-3cb0-48b5-8e27-32400ad38aa5,DISPERSION,3749.0,0.00021296616661155315,0.0009925615641416044
3662c84a-3cb0-48b5-8e27-32400ad38aa5,DISPERSION,3999.0,0.00021296592779705554,0.0009925615107349319
3662c84a-3cb0-48b5-8e27-32400ad38aa5,DISPERSION,4249.0,0.00021296561808520296,0.0009925603312409602
3662c84a-3cb0-48b5-8e27-32400ad38aa5,DISPERSION,4499.0,0.00021296557741338215,0.0009925601791592699
3662c84a-3cb0-48b5-8e27-32400ad38aa5,DISPERSION,4749.0,0.00021296558025309483,0.00099256018285226
3662c84a-3cb0-48b5-8e27-32400ad38aa5,DISPERSION,4999.0,0.0002129655788299997,0.00099256017695262
3662c84a-3cb0-48b5-8e27-32400ad38aa5,DISPERSION,5249.0,0.00021296557761570962,0.000992560179693782
3662c84a-3cb0-48b5-8e27-32400ad38aa5,DISPERSION,5499.0,0.00021296557872103297,0.0009925601836275346
3662c84a-3cb0-48b5-8e27-32400ad38aa5,DISPERSION,5749.0,0.0002129655823146173,0.0009925601984378753
3662c84a-3cb0-48b5-8e27-32400ad38aa5,DISPERSION,5999.0,0.00021296558193955464,0.000992560194978575
3662c84a-3cb0-48b5-8e27-32400ad38aa5,DISPERSION,6249.0,0.0002129655814745955,0.000992560192733957
3662c84a-3cb0-48b5-8e27-32400ad38aa5,DISPERSION,6499.0,0.0002129655814093093,0.0009925601924569557
3662c84a-3cb0-48b5-8e27-32400ad38aa5,DISPERSION,6749.0,0.00021296558153298324,0.0009925601930423117
3662c84a-3cb0-48b5-8e27-32400ad38aa5,DISPERSION,6999.0,0.00021296558158158556,0.0009925601932428464
3662c84a-3cb0-48b5-8e27-32400ad38aa5,DISPERSION,7249.0,0.00021296558159776994,0.0009925601932897804
3662c84a-3cb0-48b5-8e27-32400ad38aa5,DISPERSION,7499.0,0.000212965581601581,0.0009925601933222783
3662c84a-3cb0-48b5-8e27-32400ad38aa5,DISPERSION,7749.0,0.00021296558160472577,0.000992560193335616
3662c84a-3cb0-48b5-8e27-32400ad38aa5,DISPERSION,7999.0,0.0002129655816013142,0.0009925601933188418
3662c84a-3cb0-48b5-8e27-32400ad38aa5,DISPERSION,8249.0,0.00021296558160214708,0.0009925601933223826
3662c84a-3cb0-48b5-8e27-32400ad38aa5,DISPERSION,8499.0,0.00021296558160203714,0.0009925601933212188
3662c84a-3cb0-48b5-8e27-32400ad38aa5,DISPERSION,8749.0,0.000212965581602134,0.0009925601933218227
3662c84a-3cb0-48b5-8e27-32400ad38aa5,DISPERSION,8999.0,0.00021296558160217565,0.0009925601933219496
3662c84a-3cb0-48b5-8e27-32400ad38aa5,DISPERSION,9249.0,0.00021296558160219738,0.000992560193322117
3662c84a-3cb0-48b5-8e27-32400ad38aa5,DISPERSION,9499.0,0.00021296558160219882,0.0009925601933221209
3662c84a-3cb0-48b5-8e27-32400ad38aa5,DISPERSION,9749.0,0.00021296558160219925,0.0009925601933221256
3662c84a-3cb0-48b5-8e27-32400ad38aa5,DISPERSION,9999.0,0.00021296558160219603,0.0009925601933221128
3662c84a-3cb0-48b5-8e27-32400ad38aa5,COVERED_BINS,1.0,1.0,0.0
3662c84a-3cb0-48b5-8e27-32400ad38aa5,COVERED_BINS,249.0,0.9974999999999999,0.015811388300841896
3662c84a-3cb0-48b5-8e27-32400ad38aa5,COVERED_BINS,499.0,0.95,0.05991446895152779
3662c84a-3cb0-48b5-8e27-32400ad38aa5,COVERED_BINS,749.0,0.76,0.15325527556067847
3662c84a-3cb0-48b5-8e27-32400ad38aa5,COVERED_BINS,999.0,0.525,0.15811388300841897
3662c84a-3cb0-48b5-8e27-32400ad38aa5,COVERED_BINS,1249.0,0.305,0.11082441645256375
3662c84a-3cb0-48b5-8e27-32400ad38aa5,COVERED_BINS,1499.0,0.225,0.058834840541455206
3662c84a-3cb0-48b5-8e27-32400ad38aa5,COVERED_BINS,1749.0,0.175,0.049354811679282455
3662c84a-3cb0-48b5-8e27-32400ad38aa5,COVERED_BINS,1999.0,0.145,0.05038314736557789
3662c84a-3cb0-48b5-8e27-32400ad38aa5,COVERED_BINS,2249.0,0.13,0.04640954808922571
3662c84a-3cb0-48b5-8e27-32400ad38aa5,COVERED_BINS,2499.0,0.11749999999999998,0.03848076442547928
3662c84a-3cb0-48b5-8e27-32400ad38aa5,COVERED_BINS,2749.0,0.10500000000000001,0.022072142786315224
3662c84a-3cb0-48b5-8e27-32400ad38aa5,COVERED_BINS,2999.0,0.10500000000000001,0.022072142786315224
3662c84a-3cb0-48b5-8e27-32400ad38aa5,COVERED_BINS,3249.0,0.10500000000000001,0.022072142786315224
3662c84a-3cb0-48b5-8e27-32400ad38aa5,COVERED_BINS,3499.0,0.10500000000000001,0.022072142786315224
3662c84a-3cb0-48b5-8e27-32400ad38aa5,COVERED_BINS,3749.0,0.10500000000000001,0.022072142786315224
3662c84a-3cb0-48b5-8e27-32400ad38aa5,COVERED_BINS,3999.0,0.10500000000000001,0.022072142786315224
3662c84a-3cb0-48b5-8e27-32400ad38aa5,COVERED_BINS,4249.0,0.10500000000000001,0.022072142786315224
3662c84a-3cb0-48b5-8e27-32400ad38aa5,COVERED_BINS,4499.0,0.10500000000000001,0.022072142786315224
3662c84a-3cb0-48b5-8e27-32400ad38aa5,COVERED_BINS,4749.0,0.10500000000000001,0.022072142786315224
3662c84a-3cb0-48b5-8e27-32400ad38aa5,COVERED_BINS,4999.0,0.10500000000000001,0.022072142786315224
3662c84a-3cb0-48b5-8e27-32400ad38aa5,COVERED_BINS,5249.0,0.10500000000000001,0.022072142786315224
3662c84a-3cb0-48b5-8e27-32400ad38aa5,COVERED_BINS,5499.0,0.10500000000000001,0.022072142786315224
3662c84a-3cb0-48b5-8e27-32400ad38aa5,COVERED_BINS,5749.0,0.10500000000000001,0.022072142786315224
3662c84a-3cb0-48b5-8e27-32400ad38aa5,COVERED_BINS,5999.0,0.10500000000000001,0.022072142786315224
3662c84a-3cb0-48b5-8e27-32400ad38aa5,COVERED_BINS,6249.0,0.10500000000000001,0.022072142786315224
3662c84a-3cb0-48b5-8e27-32400ad38aa5,COVERED_BINS,6499.0,0.10500000000000001,0.022072142786315224
3662c84a-3cb0-48b5-8e27-32400ad38aa5,COVERED_BINS,6749.0,0.10500000000000001,0.022072142786315224
3662c84a-3cb0-48b5-8e27-32400ad38aa5,COVERED_BINS,6999.0,0.10500000000000001,0.022072142786315224
3662c84a-3cb0-48b5-8e27-32400ad38aa5,COVERED_BINS,7249.0,0.10500000000000001,0.022072142786315224
3662c84a-3cb0-48b5-8e27-32400ad38aa5,COVERED_BINS,7499.0,0.10500000000000001,0.022072142786315224
3662c84a-3cb0-48b5-8e27-32400ad38aa5,COVERED_BINS,7749.0,0.10500000000000001,0.022072142786315224
3662c84a-3cb0-48b5-8e27-32400ad38aa5,COVERED_BINS,7999.0,0.10500000000000001,0.022072142786315224
3662c84a-3cb0-48b5-8e27-32400ad38aa5,COVERED_BINS,8249.0,0.10500000000000001,0.022072142786315224
3662c84a-3cb0-48b5-8e27-32400ad38aa5,COVERED_BINS,8499.0,0.10500000000000001,0.022072142786315224
3662c84a-3cb0-48b5-8e27-32400ad38aa5,COVERED_BINS,8749.0,0.10500000000000001,0.022072142786315224
3662c84a-3cb0-48b5-8e27-32400ad38aa5,COVERED_BINS,8999.0,0.10500000000000001,0.022072142786315224
3662c84a-3cb0-48b5-8e27-32400ad38aa5,COVERED_BINS,9249.0,0.10500000000000001,0.022072142786315224
3662c84a-3cb0-48b5-8e27-32400ad38aa5,COVERED_BINS,9499.0,0.10500000000000001,0.022072142786315224
3662c84a-3cb0-48b5-8e27-32400ad38aa5,COVERED_BINS,9749.0,0.10500000000000001,0.022072142786315224
3662c84a-3cb0-48b5-8e27-32400ad38aa5,COVERED_BINS,9999.0,0.10500000000000001,0.022072142786315224
3662c84a-3cb0-48b5-8e27-32400ad38aa5,BINS_VARIANCE,1.0,0.02689225886845642,0.001704493846673165
3662c84a-3cb0-48b5-8e27-32400ad38aa5,BINS_VARIANCE,249.0,0.027292103063525714,0.0021870891317717516
3662c84a-3cb0-48b5-8e27-32400ad38aa5,BINS_VARIANCE,499.0,0.02211247029892361,0.00415671921265664
3662c84a-3cb0-48b5-8e27-32400ad38aa5,BINS_VARIANCE,749.0,0.013638933580947348,0.004575113028918373
3662c84a-3cb0-48b5-8e27-32400ad38aa5,BINS_VARIANCE,999.0,0.007242333205074896,0.003136251184633085
3662c84a-3cb0-48b5-8e27-32400ad38aa5,BINS_VARIANCE,1249.0,0.00346268385152627,0.0015114907433912959
3662c84a-3cb0-48b5-8e27-32400ad38aa5,BINS_VARIANCE,1499.0,0.0017414437151951003,0.001026043370423565
3662c84a-3cb0-48b5-8e27-32400ad38aa5,BINS_VARIANCE,1749.0,0.000927939247209042,0.0008218389118994666
3662c84a-3cb0-48b5-8e27-32400ad38aa5,BINS_VARIANCE,1999.0,0.00042409670029930243,0.0005146135523160896
3662c84a-3cb0-48b5-8e27-32400ad38aa5,BINS_VARIANCE,2249.0,0.00014949515069765458,0.0001558485197378909
3662c84a-3cb0-48b5-8e27-32400ad38aa5,BINS_VARIANCE,2499.0,6.0537632400025474e-05,4.117016003040228e-05
3662c84a-3cb0-48b5-8e27-32400ad38aa5,BINS_VARIANCE,2749.0,3.021776030317563e-05,2.343415114063828e-05
3662c84a-3cb0-48b5-8e27-32400ad38aa5,BINS_VARIANCE,2999.0,1.3471612938411395e-05,9.479114562561876e-06
3662c84a-3cb0-48b5-8e27-32400ad38aa5,BINS_VARIANCE,3249.0,5.977301085495591e-06,4.167361902323956e-06
3662c84a-3cb0-48b5-8e27-32400ad38aa5,BINS_VARIANCE,3499.0,2.7416327221456795e-06,1.9871220595926995e-06
3662c84a-3cb0-48b5-8e27-32400ad38aa5,BINS_VARIANCE,3749.0,1.33324220600867e-06,1.112668677155278e-06
3662c84a-3cb0-48b5-8e27-32400ad38aa5,BINS_VARIANCE,3999.0,5.811238316241384e-07,4.588921683243369e-07
3662c84a-3cb0-48b5-8e27-32400ad38aa5,BINS_VARIANCE,4249.0,2.6485282246370126e-07,2.2318339210955345e-07
3662c84a-3cb0-48b5-8e27-32400ad38aa5,BINS_VARIANCE,4499.0,1.2284617713886827e-07,1.1434775417492152e-07
3662c84a-3cb0-48b5-8e27-32400ad38aa5,BINS_VARIANCE,4749.0,5.634509655900333e-08,5.486711382695121e-08
3662c84a-3cb0-48b5-8e27-32400ad38aa5,BINS_VARIANCE,4999.0,2.6447009709492887e-08,2.687306507794141e-08
3662c84a-3cb0-48b5-8e27-32400ad38aa5,BINS_VARIANCE,5249.0,1.1992874731282991e-08,1.2654397096903783e-08
3662c84a-3cb0-48b5-8e27-32400ad38aa5,BINS_VARIANCE,5499.0,5.401066168513459e-09,5.767956557961959e-09
3662c84a-3cb0-48b5-8e27-32400ad38aa5,BINS_VARIANCE,5749.0,2.624605410989167e-09,2.9283001856548005e-09
3662c84a-3cb0-48b5-8e27-32400ad38aa5,BINS_VARIANCE,5999.0,1.1906049379848533e-09,1.3397384397465738e-09
3662c84a-3cb0-48b5-8e27-32400ad38aa5,BINS_VARIANCE,6249.0,5.592515655279329e-10,6.65629191766367e-10
3662c84a-3cb0-48b5-8e27-32400ad38aa5,BINS_VARIANCE,6499.0,2.5594056983162904e-10,3.1307832783628114e-10
3662c84a-3cb0-48b5-8e27-32400ad38aa5,BINS_VARIANCE,6749.0,1.1608313946389073e-10,1.4506629705258842e-10
3662c84a-3cb0-48b5-8e27-32400ad38aa5,BINS_VARIANCE,6999.0,5.305601761414103e-11,6.967690286707961e-11
3662c84a-3cb0-48b5-8e27-32400ad38aa5,BINS_VARIANCE,7249.0,2.3440885068299675e-11,2.8917095028413614e-11
3662c84a-3cb0-48b5-8e27-32400ad38aa5,BINS_VARIANCE,7499.0,1.0894279157146295e-11,1.3511711177582899e-11
3662c84a-3cb0-48b5-8e27-32400ad38aa5,BINS_VARIANCE,7749.0,5.022750976658345e-12,6.240569661732283e-12
3662c84a-3cb0-48b5-8e27-32400ad38aa5,BINS_VARIANCE,7999.0,2.3288553837138324e-12,3.0338760439495274e-12
3662c84a-3cb0-48b5-8e27-32400ad38aa5,BINS_VARIANCE,8249.0,1.0487876982561394e-12,1.3608962734428398e-12
3662c84a-3cb0-48b5-8e27-32400ad38aa5,BINS_VARIANCE,8499.0,4.836398233931978e-13,6.282134300498835e-13
3662c84a-3cb0-48b5-8e27-32400ad38aa5,BINS_VARIANCE,8749.0,2.2860459838917116e-13,3.0762596654950456e-13
3662c84a-3cb0-48b5-8e27-32400ad38aa5,BINS_VARIANCE,8999.0,1.0190147869458455e-13,1.3917023537018422e-13
3662c84a-3cb0-48b5-8e27-32400ad38aa5,BINS_VARIANCE,9249.0,4.569203155879116e-14,6.057205960202992e-14
3662c84a-3cb0-48b5-8e27-32400ad38aa5,BINS_VARIANCE,9499.0,2.0882587080672308e-14,2.8149729587302034e-14
3662c84a-3cb0-48b5-8e27-32400ad38aa5,BINS_VARIANCE,9749.0,9.497339230551553e-15,1.2843228501011307e-14
3662c84a-3cb0-48b5-8e27-32400ad38aa5,BINS_VARIANCE,9999.0,4.363200538931e-15,6.111240545000316e-15
