experiment_id,timestamp_x,run_time,config_id,experiment_tags,simulation_type,num_of_agents,num_iterations,mio,mio_sigma,num_of_repetitions,switch_agent_rate,switch_agent_sigma,radical_exposure_eta,truncate_at,epsilon,mark_stubborn_at,display_name,status,timestamp_y,audit_every_x_iterations
48b4a73b-4f69-46ee-829c-bd286fb27520,1680929943,42,3438708d-e801-4b1d-a9d7-b1247e37fbc9,[],REPULSIVE,100,10000,0.083333,NULL,40,NULL,NULL,NULL,0.0001,0.2,0.1,Epsilon = 0.1,RunStatus.SUCCESS,1680929934114,250.0
d169fa38-f7e8-415f-9d36-0718d49dcb27,1680929943,42,567bedf0-1d2e-4128-8f1b-5a30d42e72c8,[],REPULSIVE,100,10000,0.05,NULL,40,NULL,NULL,NULL,0.0001,0.2,0.1,Epsilon = 0.1,RunStatus.SUCCESS,1680929934114,250.0
9e93102d-912b-44d7-9e23-4b4d264ac2e9,1680929943,42,d1b0c7a3-78f0-4929-be96-5c51be43ddd1,[],REPULSIVE,100,10000,0.016667,NULL,40,NULL,NULL,NULL,0.0001,0.2,0.1,Epsilon = 0.1,RunStatus.SUCCESS,1680929934114,250.0
e60a8367-8659-4834-9281-30856e19fd79,1680929943,42,0b5d5ac4-716e-4b97-8862-02c84789c966,[],REPULSIVE,100,10000,0.066667,NULL,40,NULL,NULL,NULL,0.0001,0.2,0.1,Epsilon = 0.1,RunStatus.SUCCESS,1680929934114,250.0
91a96655-747f-42fd-ae44-fa3f9d3cb6b5,1680929943,41,df1ecbf6-c14f-403f-aa99-21c302140460,[],REPULSIVE,100,10000,0.133333,NULL,40,NULL,NULL,NULL,0.0001,0.2,0.1,Epsilon = 0.1,RunStatus.SUCCESS,1680929934114,250.0
6e07d1bf-254f-4c7b-9591-10420bbd4cda,1680929943,42,8a0f2710-84c9-4b4e-b1d6-bf9133db62b5,[],REPULSIVE,100,10000,0.1,NULL,40,NULL,NULL,NULL,0.0001,0.2,0.1,Epsilon = 0.1,RunStatus.SUCCESS,1680929934114,250.0
d2c97d32-ed89-42ba-b09e-492d0e44c840,1680929943,42,bf7566a6-2da9-4add-a574-b50e67708d32,[],REPULSIVE,100,10000,0.033333,NULL,40,NULL,NULL,NULL,0.0001,0.2,0.1,Epsilon = 0.1,RunStatus.SUCCESS,1680929934114,250.0
daa76920-6d2d-4742-85b4-16847fb5f215,1680929943,42,9545748a-e1fc-4f8d-89bd-a5dce4c920f8,[],REPULSIVE,100,10000,0.15,NULL,40,NULL,NULL,NULL,0.0001,0.2,0.1,Epsilon = 0.1,RunStatus.SUCCESS,1680929934114,250.0
9b191f03-8470-4767-ae9d-a6a473e1d3e6,1680929943,42,a217dfaf-9b73-424e-ac40-2a504115aec4,[],REPULSIVE,100,10000,0.183333,NULL,40,NULL,NULL,NULL,0.0001,0.2,0.1,Epsilon = 0.1,RunStatus.SUCCESS,1680929934114,250.0
f80de273-97c8-4788-9119-f59eee5bd98e,1680929943,42,51a39d2c-a764-40e4-a5f9-4d3d4751aa64,[],REPULSIVE,100,10000,0.166667,NULL,40,NULL,NULL,NULL,0.0001,0.2,0.1,Epsilon = 0.1,RunStatus.SUCCESS,1680929934114,250.0
5219a7e4-3f04-44cf-9850-47e427f8fe51,1680929943,42,dc206614-8e11-4f64-bdac-ab00054ee0f8,[],REPULSIVE,100,10000,0.0,NULL,40,NULL,NULL,NULL,0.0001,0.2,0.1,Epsilon = 0.1,RunStatus.SUCCESS,1680929934114,250.0
99bd325a-baa4-4adb-8e62-a57d2c4a466d,1680929943,42,54158c7a-91da-4e96-81fd-f58bd9c94be2,[],REPULSIVE,100,10000,0.116667,NULL,40,NULL,NULL,NULL,0.0001,0.2,0.1,Epsilon = 0.1,RunStatus.SUCCESS,1680929934114,250.0
851d3502-4060-4883-ad00-57704fcef3b3,1680929988,39,bbf5fed3-a919-4dd8-ba1f-fefbce88ff09,[],REPULSIVE,100,10000,0.2,NULL,40,NULL,NULL,NULL,0.0001,0.2,0.1,Epsilon = 0.1,RunStatus.SUCCESS,1680929934114,250.0
a54d7184-971c-4253-99ba-1debb87c83aa,1680929988,39,953d97fd-f2ac-4046-8d03-79d5a6b7250b,[],REPULSIVE,100,10000,0.216667,NULL,40,NULL,NULL,NULL,0.0001,0.2,0.1,Epsilon = 0.1,RunStatus.SUCCESS,1680929934114,250.0
4fd5eb36-fa06-414f-9a77-a4834dfd1678,1680929988,39,453f69b4-0302-4e8b-9f1a-7c452f200166,[],REPULSIVE,100,10000,0.233333,NULL,40,NULL,NULL,NULL,0.0001,0.2,0.1,Epsilon = 0.1,RunStatus.SUCCESS,1680929934114,250.0
ed2f546b-52c3-4a8f-81b9-da7f9c78bd41,1680929989,39,79f1dd37-5ec2-4ab9-86ff-f81463134393,[],REPULSIVE,100,10000,0.283333,NULL,40,NULL,NULL,NULL,0.0001,0.2,0.1,Epsilon = 0.1,RunStatus.SUCCESS,1680929934114,250.0
375efb5a-1fb8-4fd0-b236-9451f660cff6,1680929989,39,55641f62-43b0-49fd-b7e6-2737f4476f2e,[],REPULSIVE,100,10000,0.266667,NULL,40,NULL,NULL,NULL,0.0001,0.2,0.1,Epsilon = 0.1,RunStatus.SUCCESS,1680929934114,250.0
b7f795da-3b4e-4a98-8c8b-d0442ba1f596,1680929988,39,f32f14dd-6bf1-4545-8298-7bd17fe06170,[],REPULSIVE,100,10000,0.25,NULL,40,NULL,NULL,NULL,0.0001,0.2,0.1,Epsilon = 0.1,RunStatus.SUCCESS,1680929934114,250.0
802776b9-e79d-46e0-9162-c6f3b8d2575e,1680929989,39,ee2d755a-84fb-47bc-9f41-cf5192a02ed4,[],REPULSIVE,100,10000,0.35,NULL,40,NULL,NULL,NULL,0.0001,0.2,0.1,Epsilon = 0.1,RunStatus.SUCCESS,1680929934114,250.0
a71a43bd-7945-41d5-952e-8214924c70f9,1680929989,39,1cedcf7f-0018-485d-99cb-4bb5a30e8919,[],REPULSIVE,100,10000,0.3,NULL,40,NULL,NULL,NULL,0.0001,0.2,0.1,Epsilon = 0.1,RunStatus.SUCCESS,1680929934114,250.0
57e2b774-cc57-4da9-9cd8-f3ea5d8ef073,1680929989,39,404668ef-5832-4056-bc43-79ecbef434d9,[],REPULSIVE,100,10000,0.316667,NULL,40,NULL,NULL,NULL,0.0001,0.2,0.1,Epsilon = 0.1,RunStatus.SUCCESS,1680929934114,250.0
cc77e78e-0300-4a0c-ab91-f3116dd3f147,1680929989,39,4b91f6cf-d340-41ad-bd19-f0db0336d8e2,[],REPULSIVE,100,10000,0.333333,NULL,40,NULL,NULL,NULL,0.0001,0.2,0.1,Epsilon = 0.1,RunStatus.SUCCESS,1680929934114,250.0
84869a8c-617a-4109-8804-4733aee3613e,1680929989,39,5c69cf09-8226-4b77-9818-e8ac51c68938,[],REPULSIVE,100,10000,0.366667,NULL,40,NULL,NULL,NULL,0.0001,0.2,0.1,Epsilon = 0.1,RunStatus.SUCCESS,1680929934114,250.0
b87fa4a8-bfc1-4277-9600-4909fb0befb3,1680929989,39,7545f6e8-a963-47f4-be43-fc4cee43d808,[],REPULSIVE,100,10000,0.383333,NULL,40,NULL,NULL,NULL,0.0001,0.2,0.1,Epsilon = 0.1,RunStatus.SUCCESS,1680929934114,250.0
f543e5b1-19ec-4374-ad3b-be4fd54b5f5c,1680930030,20,523e9b22-f7b4-4603-8f6d-eb1ff11f1388,[],REPULSIVE,100,10000,0.433333,NULL,40,NULL,NULL,NULL,0.0001,0.2,0.1,Epsilon = 0.1,RunStatus.SUCCESS,1680929934114,250.0
f258458e-8d4b-44bf-b362-4aa1b2157342,1680930030,20,32b86772-ec85-41fe-a49c-09610f2a4061,[],REPULSIVE,100,10000,0.45,NULL,40,NULL,NULL,NULL,0.0001,0.2,0.1,Epsilon = 0.1,RunStatus.SUCCESS,1680929934114,250.0
fb731269-3d03-4a30-8919-ab162dd12409,1680930030,21,b3f1c138-ea14-427a-9a73-5fede9c241f3,[],REPULSIVE,100,10000,0.416667,NULL,40,NULL,NULL,NULL,0.0001,0.2,0.1,Epsilon = 0.1,RunStatus.SUCCESS,1680929934114,250.0
869c1068-212e-46ff-ac4d-7b2a5ddd2985,1680930030,21,d7223b97-3e5e-404e-8f35-9128f9db3f1d,[],REPULSIVE,100,10000,0.4,NULL,40,NULL,NULL,NULL,0.0001,0.2,0.1,Epsilon = 0.1,RunStatus.SUCCESS,1680929934114,250.0
a5c0f3a0-5e35-447b-9df5-494bba1e9952,1680930031,20,f3d4c99f-6033-4522-b7a2-24fae5f577a5,[],REPULSIVE,100,10000,0.466667,NULL,40,NULL,NULL,NULL,0.0001,0.2,0.1,Epsilon = 0.1,RunStatus.SUCCESS,1680929934114,250.0
f804b28a-3f3a-40bb-8610-09f15933713a,1680930031,20,dfaa22e5-555f-485a-af26-b3a9de390167,[],REPULSIVE,100,10000,0.483333,NULL,40,NULL,NULL,NULL,0.0001,0.2,0.1,Epsilon = 0.1,RunStatus.SUCCESS,1680929934114,250.0
fc1efd8c-2bf9-4207-b6e2-d9235195758c,1680930064,39,0d98a860-0d5a-43cf-b5f2-55ba54dc811d,[],REPULSIVE,100,10000,0.2,1e-06,40,NULL,NULL,NULL,0.0001,0.2,0.1,Epsilon = 0.1,RunStatus.SUCCESS,1680930053765,250.0
35c1285c-e1a8-457f-a276-2cb9e9277743,1680930064,39,80920cf9-2442-430c-8635-3ed1feaf031e,[],REPULSIVE,100,10000,0.2,0.015529,40,NULL,NULL,NULL,0.0001,0.2,0.1,Epsilon = 0.1,RunStatus.SUCCESS,1680930053765,250.0
778f9171-a179-4a98-a065-31ab07874374,1680930064,40,4e8517a0-7f43-48eb-9c9f-213c95fe9114,[],REPULSIVE,100,10000,0.2,0.002589,40,NULL,NULL,NULL,0.0001,0.2,0.1,Epsilon = 0.1,RunStatus.SUCCESS,1680930053765,250.0
7e7b50f2-5c10-4aa8-9ba0-41c2aedcd08a,1680930064,40,3d7e6c57-496e-493a-9ec0-adb52503cdae,[],REPULSIVE,100,10000,0.2,0.005177,40,NULL,NULL,NULL,0.0001,0.2,0.1,Epsilon = 0.1,RunStatus.SUCCESS,1680930053765,250.0
1a3c60da-502e-4e00-a45d-1a0c5d1628e8,1680930064,39,9f247ddd-32d3-4cbc-ba35-d5ce273c184f,[],REPULSIVE,100,10000,0.2,0.007765,40,NULL,NULL,NULL,0.0001,0.2,0.1,Epsilon = 0.1,RunStatus.SUCCESS,1680930053765,250.0
fe929b77-4d2c-4c4f-88e9-9843e442f333,1680930064,39,6927258e-1318-446a-8bb3-c7ffb38076f9,[],REPULSIVE,100,10000,0.2,0.018117,40,NULL,NULL,NULL,0.0001,0.2,0.1,Epsilon = 0.1,RunStatus.SUCCESS,1680930053765,250.0
eb2463f7-b747-4ea1-9c77-83a96961a734,1680930064,39,4e26c9e4-f40f-4398-a06c-c52baa23b710,[],REPULSIVE,100,10000,0.2,0.012941,40,NULL,NULL,NULL,0.0001,0.2,0.1,Epsilon = 0.1,RunStatus.SUCCESS,1680930053765,250.0
0a498230-d052-4820-a2c5-18609e8243d3,1680930065,39,bddf0cab-372c-4f2c-b9e7-8999e474b48a,[],REPULSIVE,100,10000,0.2,0.023293,40,NULL,NULL,NULL,0.0001,0.2,0.1,Epsilon = 0.1,RunStatus.SUCCESS,1680930053765,250.0
4b30eda8-a61e-4184-9adf-fa726777260f,1680930065,39,02738b4d-52a5-4986-b0c5-acad4ed71801,[],REPULSIVE,100,10000,0.2,0.020705,40,NULL,NULL,NULL,0.0001,0.2,0.1,Epsilon = 0.1,RunStatus.SUCCESS,1680930053765,250.0
cb267eb5-ffe2-4348-82f5-e5bc9473774c,1680930065,39,19170755-827a-4ed9-a9f0-aaef004224cd,[],REPULSIVE,100,10000,0.2,0.025881,40,NULL,NULL,NULL,0.0001,0.2,0.1,Epsilon = 0.1,RunStatus.SUCCESS,1680930053765,250.0
9ad8491c-cf07-4fea-8052-bfbfeb9c95cf,1680930064,40,8513f778-7369-4110-a6cb-1f3778cb614d,[],REPULSIVE,100,10000,0.2,0.010353,40,NULL,NULL,NULL,0.0001,0.2,0.1,Epsilon = 0.1,RunStatus.SUCCESS,1680930053765,250.0
d29d8fcd-d3da-478b-91fc-259a66e55d56,1680930065,39,8a5588fa-a4e2-47d7-913f-cdaf80e401fb,[],REPULSIVE,100,10000,0.2,0.028469,40,NULL,NULL,NULL,0.0001,0.2,0.1,Epsilon = 0.1,RunStatus.SUCCESS,1680930053765,250.0
cb4b53ab-8483-4833-9ad7-62a748e7ccb1,1680930107,37,d444d985-875c-4071-ab4f-935f538bcdb3,[],REPULSIVE,100,10000,0.2,0.033645,40,NULL,NULL,NULL,0.0001,0.2,0.1,Epsilon = 0.1,RunStatus.SUCCESS,1680930053765,250.0
564c688b-ff68-4466-9ccf-45f30707b931,1680930106,37,c9f82b50-da7a-4e29-b84f-12ac6c4d83da,[],REPULSIVE,100,10000,0.2,0.031057,40,NULL,NULL,NULL,0.0001,0.2,0.1,Epsilon = 0.1,RunStatus.SUCCESS,1680930053765,250.0
9caccd25-6e4e-40d1-a514-b7bac216d349,1680930107,37,5108434d-4573-4806-a98a-3d026792f55a,[],REPULSIVE,100,10000,0.2,0.049173,40,NULL,NULL,NULL,0.0001,0.2,0.1,Epsilon = 0.1,RunStatus.SUCCESS,1680930053765,250.0
0988d5a0-773a-4002-8bd7-d8bded8fead5,1680930107,37,a78d0cf7-c9bf-4ac2-8cee-1c4d480675d5,[],REPULSIVE,100,10000,0.2,0.043997,40,NULL,NULL,NULL,0.0001,0.2,0.1,Epsilon = 0.1,RunStatus.SUCCESS,1680930053765,250.0
fe933f46-9c4f-439d-afbf-57e2b7ac6480,1680930107,37,be536280-a3bd-4a01-a3c2-aaddd2789dba,[],REPULSIVE,100,10000,0.2,0.036233,40,NULL,NULL,NULL,0.0001,0.2,0.1,Epsilon = 0.1,RunStatus.SUCCESS,1680930053765,250.0
d027e276-9803-4172-abc1-0f8768b85307,1680930107,37,b38fb45b-314b-4def-9f5c-590862ef30c3,[],REPULSIVE,100,10000,0.2,0.046585,40,NULL,NULL,NULL,0.0001,0.2,0.1,Epsilon = 0.1,RunStatus.SUCCESS,1680930053765,250.0
8a3c7e8f-16e0-465e-a524-edde80e1f5ab,1680930107,37,10852bc6-c7e0-4770-a652-331a61a20bfd,[],REPULSIVE,100,10000,0.2,0.038821,40,NULL,NULL,NULL,0.0001,0.2,0.1,Epsilon = 0.1,RunStatus.SUCCESS,1680930053765,250.0
0016c473-ac5e-4bb3-b48a-a4f778e95deb,1680930107,37,1b04ba88-31cf-45e9-8433-e8b512c29d6c,[],REPULSIVE,100,10000,0.2,0.041409,40,NULL,NULL,NULL,0.0001,0.2,0.1,Epsilon = 0.1,RunStatus.SUCCESS,1680930053765,250.0
51f751c8-171f-44af-ab68-2675b259179e,1680930107,37,cbd9ee36-12d3-4062-9ade-97a1466a5c34,[],REPULSIVE,100,10000,0.2,0.054349,40,NULL,NULL,NULL,0.0001,0.2,0.1,Epsilon = 0.1,RunStatus.SUCCESS,1680930053765,250.0
9ec4f1cc-acd4-406a-b9ad-09b8059ac2a6,1680930107,38,5fc994c6-6102-4842-9bf4-96f13056fd2b,[],REPULSIVE,100,10000,0.2,0.051761,40,NULL,NULL,NULL,0.0001,0.2,0.1,Epsilon = 0.1,RunStatus.SUCCESS,1680930053765,250.0
6ff735fb-53c4-4fde-8cee-7f2c44c7d5a0,1680930107,37,fa8deaa4-94b3-42c6-94a4-695554c4d6c8,[],REPULSIVE,100,10000,0.2,0.059525,40,NULL,NULL,NULL,0.0001,0.2,0.1,Epsilon = 0.1,RunStatus.SUCCESS,1680930053765,250.0
aaa8599a-b413-482b-bf99-95264373b26e,1680930107,37,af95c1eb-22bf-4119-bb2e-a98ed0b93f42,[],REPULSIVE,100,10000,0.2,0.056937,40,NULL,NULL,NULL,0.0001,0.2,0.1,Epsilon = 0.1,RunStatus.SUCCESS,1680930053765,250.0
ff8e3e32-3334-4b3a-a406-6178ecf3461d,1680930147,21,4d0d8b52-7aa0-4c84-a408-843c358d430b,[],REPULSIVE,100,10000,0.2,0.062113,40,NULL,NULL,NULL,0.0001,0.2,0.1,Epsilon = 0.1,RunStatus.SUCCESS,1680930053765,250.0
294c50c9-53be-423c-8aa6-314592c4e6c5,1680930147,21,7f479025-5599-4178-aa2f-672265202c53,[],REPULSIVE,100,10000,0.2,0.067289,40,NULL,NULL,NULL,0.0001,0.2,0.1,Epsilon = 0.1,RunStatus.SUCCESS,1680930053765,250.0
d33a37be-a9ca-48ed-ac75-7a05e428f637,1680930147,21,d519ca7b-39b0-47ae-b4c9-7d76205e9f67,[],REPULSIVE,100,10000,0.2,0.064701,40,NULL,NULL,NULL,0.0001,0.2,0.1,Epsilon = 0.1,RunStatus.SUCCESS,1680930053765,250.0
df562f4d-e881-488f-9cf2-996a069cf0fd,1680930147,21,bf4c7ca1-47e6-42cb-a07d-a4cad2946003,[],REPULSIVE,100,10000,0.2,0.069877,40,NULL,NULL,NULL,0.0001,0.2,0.1,Epsilon = 0.1,RunStatus.SUCCESS,1680930053765,250.0
24b913b5-32a4-458c-96d2-0f4fdfeaf87c,1680930147,21,99233072-1d6b-4099-8d19-835374b69365,[],REPULSIVE,100,10000,0.2,0.072465,40,NULL,NULL,NULL,0.0001,0.2,0.1,Epsilon = 0.1,RunStatus.SUCCESS,1680930053765,250.0
ac89e64f-51e8-4844-a241-a101cfc5af6e,1680930148,21,6e030fae-51a6-410c-88a5-447db6b60842,[],REPULSIVE,100,10000,0.2,0.075053,40,NULL,NULL,NULL,0.0001,0.2,0.1,Epsilon = 0.1,RunStatus.SUCCESS,1680930053765,250.0
9ddaf55e-f042-4b94-b5e1-475d1c5f8d0e,1680930181,38,2acbf7bf-32b5-47e4-8e69-5fa2fd48f4b7,[],REPULSIVE,100,10000,0.1932,NULL,40,NULL,NULL,NULL,0.0001,0.2,0.1,Epsilon = 0.1,RunStatus.SUCCESS,1680930171165,250.0
f422373a-2226-4af6-9118-e2e103ab68d7,1680930181,38,8708e50d-8aa2-4cd6-a37f-cb5631c57153,[],REPULSIVE,100,10000,0.200773,NULL,40,NULL,NULL,NULL,0.0001,0.2,0.1,Epsilon = 0.1,RunStatus.SUCCESS,1680930171165,250.0
f2a0851d-12ec-4dca-9a13-c92caf46259a,1680930181,38,0d0015cd-e892-4d7e-aa91-904908e2151f,[],REPULSIVE,100,10000,0.20456,NULL,40,NULL,NULL,NULL,0.0001,0.2,0.1,Epsilon = 0.1,RunStatus.SUCCESS,1680930171165,250.0
3aa939a4-b880-426f-a76c-482d1a56af89,1680930181,38,97497338-8bc6-4e22-8f82-4bf4a9729163,[],REPULSIVE,100,10000,0.196987,NULL,40,NULL,NULL,NULL,0.0001,0.2,0.1,Epsilon = 0.1,RunStatus.SUCCESS,1680930171165,250.0
4fd28f1d-260a-4b4a-811d-1ec161f3bf6e,1680930181,38,fdfffc6c-ee18-4df2-a106-2b1a2a7a994b,[],REPULSIVE,100,10000,0.212133,NULL,40,NULL,NULL,NULL,0.0001,0.2,0.1,Epsilon = 0.1,RunStatus.SUCCESS,1680930171165,250.0
a919c87b-aaf0-4c48-9171-973df8a02702,1680930181,38,5c6950b7-11cc-46b7-8815-2d67fc2c9c95,[],REPULSIVE,100,10000,0.208347,NULL,40,NULL,NULL,NULL,0.0001,0.2,0.1,Epsilon = 0.1,RunStatus.SUCCESS,1680930171165,250.0
9ad9ace4-c383-4485-83af-3af71aadc9e0,1680930181,39,11c4202a-098c-42ea-b7f0-efc5425b8ccc,[],REPULSIVE,100,10000,0.196987,0.075,40,NULL,NULL,NULL,0.0001,0.2,0.1,Epsilon = 0.1,RunStatus.SUCCESS,1680930171165,250.0
eea034e5-e3c3-47ac-aaa2-86307dc3247a,1680930181,40,d1268d9b-e7b1-48fe-95e3-0ef0df48cc4e,[],REPULSIVE,100,10000,0.1932,0.075,40,NULL,NULL,NULL,0.0001,0.2,0.1,Epsilon = 0.1,RunStatus.SUCCESS,1680930171165,250.0
ba052fbd-1c95-4407-8f15-8aa5f628b7bc,1680930181,39,d74e7eab-14c5-4b2e-9715-2cd206696735,[],REPULSIVE,100,10000,0.208347,0.075,40,NULL,NULL,NULL,0.0001,0.2,0.1,Epsilon = 0.1,RunStatus.SUCCESS,1680930171165,250.0
a60034e1-d9c6-4318-b8c9-9c01ee57100b,1680930181,39,62fc8368-8e6f-4e0e-a912-eb9046a8d956,[],REPULSIVE,100,10000,0.20456,0.075,40,NULL,NULL,NULL,0.0001,0.2,0.1,Epsilon = 0.1,RunStatus.SUCCESS,1680930171165,250.0
f435bd99-55bd-4447-b740-e6f9e82e2e28,1680930181,39,594f9f1e-f290-4caa-8dd3-d9d9e431fcfe,[],REPULSIVE,100,10000,0.212133,0.075,40,NULL,NULL,NULL,0.0001,0.2,0.1,Epsilon = 0.1,RunStatus.SUCCESS,1680930171165,250.0
6657c974-e5eb-49cc-9ff6-185bbfa701df,1680930181,40,1d457143-65a0-40dd-88b6-9aedeeeae212,[],REPULSIVE,100,10000,0.200773,0.075,40,NULL,NULL,NULL,0.0001,0.2,0.1,Epsilon = 0.1,RunStatus.SUCCESS,1680930171165,250.0
44bfbd92-44a5-4c3e-9641-ff8f51d90c42,1680930223,41,9e9d4ee1-6aeb-47ef-ae79-aef73aa4bbdd,[],REPULSIVE,100,10000,0.219707,NULL,40,NULL,NULL,NULL,0.0001,0.2,0.1,Epsilon = 0.1,RunStatus.SUCCESS,1680930171165,250.0
b344edea-a48e-491d-8cf1-9cf4182d6e2c,1680930223,42,e9cc79af-d355-4a6d-9c57-538b165e2a0f,[],REPULSIVE,100,10000,0.21592,NULL,40,NULL,NULL,NULL,0.0001,0.2,0.1,Epsilon = 0.1,RunStatus.SUCCESS,1680930171165,250.0
17d3df53-21ab-4a26-8ce1-e22662bf20e0,1680930223,42,abde89f4-1782-4a42-96cc-6fc94a098494,[],REPULSIVE,100,10000,0.223493,NULL,40,NULL,NULL,NULL,0.0001,0.2,0.1,Epsilon = 0.1,RunStatus.SUCCESS,1680930171165,250.0
625b21dd-eddf-44c5-9410-00bc3ba21f97,1680930223,42,5268a17b-aee6-4dbe-9c60-74624d793359,[],REPULSIVE,100,10000,0.219707,0.075,40,NULL,NULL,NULL,0.0001,0.2,0.1,Epsilon = 0.1,RunStatus.SUCCESS,1680930171165,250.0
94f4b16b-5be0-4bb1-b294-6b501644b6dd,1680930222,43,fec4c2f9-74cd-457e-b835-0f17ec3bf7d8,[],REPULSIVE,100,10000,0.21592,0.075,40,NULL,NULL,NULL,0.0001,0.2,0.1,Epsilon = 0.1,RunStatus.SUCCESS,1680930171165,250.0
53663d0b-e37c-43f2-856f-e42bb9214fc9,1680930224,41,1a6c2aa0-f831-4290-bcd0-7bd941720c06,[],REPULSIVE,100,10000,0.231067,NULL,40,NULL,NULL,NULL,0.0001,0.2,0.1,Epsilon = 0.1,RunStatus.SUCCESS,1680930171165,250.0
4b8f4983-ec95-45bd-a78f-90b4285226ce,1680930224,42,3247f4e1-0b9d-4013-90ec-36fb6a6e7866,[],REPULSIVE,100,10000,0.22728,NULL,40,NULL,NULL,NULL,0.0001,0.2,0.1,Epsilon = 0.1,RunStatus.SUCCESS,1680930171165,250.0
2b707081-2718-412a-913a-4e5a14cdf4e1,1680930223,43,d42532a3-6e98-4feb-b43b-907dae2ce904,[],REPULSIVE,100,10000,0.223493,0.075,40,NULL,NULL,NULL,0.0001,0.2,0.1,Epsilon = 0.1,RunStatus.SUCCESS,1680930171165,250.0
488efc6c-b324-4673-bc93-7c0b11aadfbd,1680930225,42,8eeae55d-9853-410d-934f-86a389981cfe,[],REPULSIVE,100,10000,0.234853,NULL,40,NULL,NULL,NULL,0.0001,0.2,0.1,Epsilon = 0.1,RunStatus.SUCCESS,1680930171165,250.0
f9065c68-677a-4a32-99a5-eec4a5212253,1680930224,43,82617f74-bd4d-4221-a452-79fcb8d7c556,[],REPULSIVE,100,10000,0.22728,0.075,40,NULL,NULL,NULL,0.0001,0.2,0.1,Epsilon = 0.1,RunStatus.SUCCESS,1680930171165,250.0
ef56edbd-8627-4889-9581-215fb50b9ca8,1680930224,43,c10d2673-e084-44ef-932c-d9b1dd6c7e49,[],REPULSIVE,100,10000,0.231067,0.075,40,NULL,NULL,NULL,0.0001,0.2,0.1,Epsilon = 0.1,RunStatus.SUCCESS,1680930171165,250.0
7fbab5a5-251e-4954-bedb-867f0cf91413,1680930224,42,6563fb18-c504-4c06-82f7-83faec1ea414,[],REPULSIVE,100,10000,0.234853,0.075,40,NULL,NULL,NULL,0.0001,0.2,0.1,Epsilon = 0.1,RunStatus.SUCCESS,1680930171165,250.0
79d80782-62b5-405c-878e-b99772e5943a,1680930268,35,d298f92f-7538-4dd0-aca6-cd5a713f4111,[],REPULSIVE,100,10000,0.23864,NULL,40,NULL,NULL,NULL,0.0001,0.2,0.1,Epsilon = 0.1,RunStatus.SUCCESS,1680930171165,250.0
a768d65a-9319-4dec-a3d6-6e9b4016cb6d,1680930269,34,6eecbb0a-e728-4370-82c8-3df9c4ed48d9,[],REPULSIVE,100,10000,0.242427,NULL,40,NULL,NULL,NULL,0.0001,0.2,0.1,Epsilon = 0.1,RunStatus.SUCCESS,1680930171165,250.0
f79b2aab-a84e-49ba-a19a-fd76e2fee825,1680930269,35,f9948d47-b46b-41a3-b997-843de77d133b,[],REPULSIVE,100,10000,0.246213,NULL,40,NULL,NULL,NULL,0.0001,0.2,0.1,Epsilon = 0.1,RunStatus.SUCCESS,1680930171165,250.0
8cd9b64a-f4e7-4098-82d2-4403bb1ab09a,1680930268,36,9541565d-4672-448a-8add-541c094e23d8,[],REPULSIVE,100,10000,0.23864,0.075,40,NULL,NULL,NULL,0.0001,0.2,0.1,Epsilon = 0.1,RunStatus.SUCCESS,1680930171165,250.0
8df13f16-a2a0-4473-94ff-02f69771a596,1680930269,35,105de252-7119-4753-a6dc-a56d15ecf7b8,[],REPULSIVE,100,10000,0.25,NULL,40,NULL,NULL,NULL,0.0001,0.2,0.1,Epsilon = 0.1,RunStatus.SUCCESS,1680930171165,250.0
bec7feb0-0da5-4af0-b40c-f81275e13f4f,1680930269,36,7b1e13d6-24e8-49b6-995e-eb0499c7e72f,[],REPULSIVE,100,10000,0.242427,0.075,40,NULL,NULL,NULL,0.0001,0.2,0.1,Epsilon = 0.1,RunStatus.SUCCESS,1680930171165,250.0
c4d68cd0-5d8f-497a-bdd1-1256b6a510a8,1680930270,35,abf37191-0e3e-48f6-8864-f20485ca0882,[],REPULSIVE,100,10000,0.253787,NULL,40,NULL,NULL,NULL,0.0001,0.2,0.1,Epsilon = 0.1,RunStatus.SUCCESS,1680930171165,250.0
09243d1c-e040-47ba-ab5b-9878d5e61c8d,1680930270,35,76298fbc-6ab6-45ba-a774-2f337ec592ab,[],REPULSIVE,100,10000,0.257573,NULL,40,NULL,NULL,NULL,0.0001,0.2,0.1,Epsilon = 0.1,RunStatus.SUCCESS,1680930171165,250.0
a20b6c86-f020-4865-941b-b7a831d4651d,1680930269,36,dd1e3974-12e3-4aad-89fc-188ef7f67615,[],REPULSIVE,100,10000,0.246213,0.075,40,NULL,NULL,NULL,0.0001,0.2,0.1,Epsilon = 0.1,RunStatus.SUCCESS,1680930171165,250.0
cdb7f4be-6429-4a4f-9bb0-016e5373bede,1680930269,36,07cf758d-e27d-4cc9-9857-c4c87102bf17,[],REPULSIVE,100,10000,0.25,0.075,40,NULL,NULL,NULL,0.0001,0.2,0.1,Epsilon = 0.1,RunStatus.SUCCESS,1680930171165,250.0
6ac00394-d7cc-4ecf-8b60-9b478642c73b,1680930270,36,0502ab13-8ad3-40d1-a4cb-006fb80c5500,[],REPULSIVE,100,10000,0.257573,0.075,40,NULL,NULL,NULL,0.0001,0.2,0.1,Epsilon = 0.1,RunStatus.SUCCESS,1680930171165,250.0
f59738da-09ee-4396-b59d-e33ec436c3df,1680930270,36,99239a43-5c4b-4fd9-8178-62d5b67dea4b,[],REPULSIVE,100,10000,0.253787,0.075,40,NULL,NULL,NULL,0.0001,0.2,0.1,Epsilon = 0.1,RunStatus.SUCCESS,1680930171165,250.0
8c82373f-64cf-4591-b73e-f4966efd5e31,1680930307,34,4376a3e0-fdaf-4c98-8131-64874edf130f,[],REPULSIVE,100,10000,0.26136,NULL,40,NULL,NULL,NULL,0.0001,0.2,0.1,Epsilon = 0.1,RunStatus.SUCCESS,1680930171165,250.0
c7137a34-ca44-4cee-be14-cf3fd931b131,1680930306,35,1a8c44ea-5d04-4e13-9511-a0acea003354,[],REPULSIVE,100,10000,0.26136,0.075,40,NULL,NULL,NULL,0.0001,0.2,0.1,Epsilon = 0.1,RunStatus.SUCCESS,1680930171165,250.0
4492bec4-c911-478c-a38d-561565a21c87,1680930307,34,d1ac34d7-5c92-4617-954f-c3ce335fcab5,[],REPULSIVE,100,10000,0.265147,NULL,40,NULL,NULL,NULL,0.0001,0.2,0.1,Epsilon = 0.1,RunStatus.SUCCESS,1680930171165,250.0
29fd4cdb-0025-4d03-9db3-62e861b599be,1680930308,34,2f83b777-f006-436c-8b44-b7f589692bf4,[],REPULSIVE,100,10000,0.27272,NULL,40,NULL,NULL,NULL,0.0001,0.2,0.1,Epsilon = 0.1,RunStatus.SUCCESS,1680930171165,250.0
12333d9b-9f90-42e8-be20-0b9e5d22af9b,1680930308,34,1ba72703-0d8e-4d90-9699-1ba927461b8b,[],REPULSIVE,100,10000,0.268933,NULL,40,NULL,NULL,NULL,0.0001,0.2,0.1,Epsilon = 0.1,RunStatus.SUCCESS,1680930171165,250.0
2f148117-bef7-408c-b594-08e2d29961d4,1680930307,35,6bc258c2-65e7-4c58-93c1-fbb9d4b718a8,[],REPULSIVE,100,10000,0.265147,0.075,40,NULL,NULL,NULL,0.0001,0.2,0.1,Epsilon = 0.1,RunStatus.SUCCESS,1680930171165,250.0
284d1298-bf74-4cdb-84e4-396996a96ed3,1680930307,35,4402e1cc-8665-48e9-9a0d-e27be051948b,[],REPULSIVE,100,10000,0.268933,0.075,40,NULL,NULL,NULL,0.0001,0.2,0.1,Epsilon = 0.1,RunStatus.SUCCESS,1680930171165,250.0
06b284e5-f652-48c1-8994-7ca4d70ddd3c,1680930309,34,60713268-3a2e-4dbf-b66f-aa29fd202f2b,[],REPULSIVE,100,10000,0.276507,NULL,40,NULL,NULL,NULL,0.0001,0.2,0.1,Epsilon = 0.1,RunStatus.SUCCESS,1680930171165,250.0
be5791a8-12f0-49ab-b2e4-925105e06cc2,1680930308,35,4b25e4d1-bc27-4959-9ee9-4e2b7e542d42,[],REPULSIVE,100,10000,0.27272,0.075,40,NULL,NULL,NULL,0.0001,0.2,0.1,Epsilon = 0.1,RunStatus.SUCCESS,1680930171165,250.0
60dacfec-736d-462e-a281-db881629f700,1680930309,35,ecdd3e51-9359-4945-a611-a87b95ba1f3f,[],REPULSIVE,100,10000,0.276507,0.075,40,NULL,NULL,NULL,0.0001,0.2,0.1,Epsilon = 0.1,RunStatus.SUCCESS,1680930171165,250.0
4e59880e-3cc7-4851-ab33-3d9908ae7216,1680930310,34,3a22fd1a-e297-468b-b6e0-47fdadb95235,[],REPULSIVE,100,10000,0.280293,NULL,40,NULL,NULL,NULL,0.0001,0.2,0.1,Epsilon = 0.1,RunStatus.SUCCESS,1680930171165,250.0
31e9baa7-a8f7-4fd3-a19e-71accb6acc28,1680930309,35,37bb604b-1d6e-42dd-ae29-de27e87ed4fa,[],REPULSIVE,100,10000,0.280293,0.075,40,NULL,NULL,NULL,0.0001,0.2,0.1,Epsilon = 0.1,RunStatus.SUCCESS,1680930171165,250.0
258f30f9-0d83-4a9f-bb06-fe74aad96c58,1680930344,34,357ee342-6f2c-4cde-b0a1-79e6bd6bc2de,[],REPULSIVE,100,10000,0.28408,NULL,40,NULL,NULL,NULL,0.0001,0.2,0.1,Epsilon = 0.1,RunStatus.SUCCESS,1680930171165,250.0
439001f4-512a-45f4-ad3a-09c5441e9629,1680930344,35,78d7c94d-dbad-4c70-aa6b-94be50d188a5,[],REPULSIVE,100,10000,0.28408,0.075,40,NULL,NULL,NULL,0.0001,0.2,0.1,Epsilon = 0.1,RunStatus.SUCCESS,1680930171165,250.0
9496bf2e-3fb3-4262-bd2a-28dc0d13dac2,1680930345,34,4b83355f-58da-4b17-8d3c-f636ffc038c0,[],REPULSIVE,100,10000,0.287867,NULL,40,NULL,NULL,NULL,0.0001,0.2,0.1,Epsilon = 0.1,RunStatus.SUCCESS,1680930171165,250.0
ac1e390f-835b-4d22-b5fb-5f26167511f0,1680930345,34,f1f5a84f-988f-4fa2-b2c3-703544955017,[],REPULSIVE,100,10000,0.291653,NULL,40,NULL,NULL,NULL,0.0001,0.2,0.1,Epsilon = 0.1,RunStatus.SUCCESS,1680930171165,250.0
3034bada-439c-442b-89c6-fb36f1f851e6,1680930344,35,5ca03299-f50d-42b1-b11b-5d56ef7ab8a1,[],REPULSIVE,100,10000,0.287867,0.075,40,NULL,NULL,NULL,0.0001,0.2,0.1,Epsilon = 0.1,RunStatus.SUCCESS,1680930171165,250.0
737fa0f0-4ede-4657-88fc-b6c4455fe60b,1680930346,34,d4916f37-2778-46a1-be8c-40cc3293d87b,[],REPULSIVE,100,10000,0.29544,NULL,40,NULL,NULL,NULL,0.0001,0.2,0.1,Epsilon = 0.1,RunStatus.SUCCESS,1680930171165,250.0
493cf708-b80f-45fe-a5c0-40bb27be7e60,1680930345,35,5ed0125b-4b29-48e3-9e5a-82d0240e2395,[],REPULSIVE,100,10000,0.291653,0.075,40,NULL,NULL,NULL,0.0001,0.2,0.1,Epsilon = 0.1,RunStatus.SUCCESS,1680930171165,250.0
2eb2d34d-ce3b-4ea3-b2cb-f913be32ecc8,1680930346,35,6ac2dd66-ea1e-4e24-ac9e-5de25a773ebf,[],REPULSIVE,100,10000,0.29544,0.075,40,NULL,NULL,NULL,0.0001,0.2,0.1,Epsilon = 0.1,RunStatus.SUCCESS,1680930171165,250.0
8c322310-bbdf-45ac-8133-d9c1df8a432e,1680930347,34,d2e9e7f8-3172-4375-ac27-68d710356584,[],REPULSIVE,100,10000,0.299227,NULL,40,NULL,NULL,NULL,0.0001,0.2,0.1,Epsilon = 0.1,RunStatus.SUCCESS,1680930171165,250.0
66e74793-1e89-4b9f-88d2-7dae603a25c7,1680930347,34,056fb8c2-7a0a-4462-8c21-7a81de7b0b04,[],REPULSIVE,100,10000,0.303013,NULL,40,NULL,NULL,NULL,0.0001,0.2,0.1,Epsilon = 0.1,RunStatus.SUCCESS,1680930171165,250.0
8bd2c23d-36be-4656-97ba-a3397d9a8046,1680930347,35,0c877226-3307-419c-ac50-3c34d6cb14d1,[],REPULSIVE,100,10000,0.299227,0.075,40,NULL,NULL,NULL,0.0001,0.2,0.1,Epsilon = 0.1,RunStatus.SUCCESS,1680930171165,250.0
f57ad345-1f7e-4341-bc91-371dbdc5b9e0,1680930347,35,e048e9c4-a39d-4c7a-8b35-f11f63f89edf,[],REPULSIVE,100,10000,0.303013,0.075,40,NULL,NULL,NULL,0.0001,0.2,0.1,Epsilon = 0.1,RunStatus.SUCCESS,1680930171165,250.0
5f4447a0-f7c6-444a-9d6b-1ee797cec88c,1680930395,34,66a800ba-3526-492f-be62-ca8e9e70db26,[],SIMILARITY,100,10000,0.133333,NULL,40,NULL,NULL,NULL,0.0001,0.2,0.1,Epsilon = 0.1,RunStatus.SUCCESS,1680930385177,250.0
b2103cf0-ecbd-424c-b1ce-ee7b7aec5f9e,1680930395,34,367f6203-c9b4-44fd-8144-ea05303b9991,[],SIMILARITY,100,10000,0.233333,NULL,40,NULL,NULL,NULL,0.0001,0.2,0.1,Epsilon = 0.1,RunStatus.SUCCESS,1680930385177,250.0
d09d1186-a858-4ced-a4bc-87177a8529f5,1680930396,34,1c153047-ff4e-43c6-a51f-ef43a6267889,[],SIMILARITY,100,10000,0.3,NULL,40,NULL,NULL,NULL,0.0001,0.2,0.1,Epsilon = 0.1,RunStatus.SUCCESS,1680930385177,250.0
86f1e788-7943-46aa-bdf2-9de74752c57e,1680930395,34,179c4178-3a6c-44be-b13d-c31a5a66216f,[],SIMILARITY,100,10000,0.066667,NULL,40,NULL,NULL,NULL,0.0001,0.2,0.1,Epsilon = 0.1,RunStatus.SUCCESS,1680930385177,250.0
df631346-f30f-4241-b5b3-a83c9a741505,1680930396,34,46eec5a6-7692-413f-bf73-cc71fba7dc08,[],SIMILARITY,100,10000,0.366667,NULL,40,NULL,NULL,NULL,0.0001,0.2,0.1,Epsilon = 0.1,RunStatus.SUCCESS,1680930385177,250.0
7d860dce-7d59-4f65-98d7-407f85404dd1,1680930395,34,735af652-652d-42b4-88df-c889f7d7e0b0,[],SIMILARITY,100,10000,0.1,NULL,40,NULL,NULL,NULL,0.0001,0.2,0.1,Epsilon = 0.1,RunStatus.SUCCESS,1680930385177,250.0
f736161a-183a-44e6-8f8e-1ba407e4618f,1680930395,34,870f3b53-8ed2-4996-af4c-b31398026387,[],SIMILARITY,100,10000,0.2,NULL,40,NULL,NULL,NULL,0.0001,0.2,0.1,Epsilon = 0.1,RunStatus.SUCCESS,1680930385177,250.0
1cb39b30-b6d7-4620-abfa-285eba6da5fc,1680930395,34,b6404a04-4534-4a63-8294-19919d05db23,[],SIMILARITY,100,10000,0.033333,NULL,40,NULL,NULL,NULL,0.0001,0.2,0.1,Epsilon = 0.1,RunStatus.SUCCESS,1680930385177,250.0
5c4fb253-e737-4a13-b430-cad5581aa0b7,1680930395,34,23aff6f8-0407-4fa1-80d2-c97f6ae6e2bd,[],SIMILARITY,100,10000,0.166667,NULL,40,NULL,NULL,NULL,0.0001,0.2,0.1,Epsilon = 0.1,RunStatus.SUCCESS,1680930385177,250.0
f1379a13-361d-4199-9137-505464f64175,1680930395,34,5203b448-afe2-45a8-bc19-885a12f9fb43,[],SIMILARITY,100,10000,0.266667,NULL,40,NULL,NULL,NULL,0.0001,0.2,0.1,Epsilon = 0.1,RunStatus.SUCCESS,1680930385177,250.0
1ed80cca-47af-4058-b141-ee695e03211c,1680930395,34,78aa944b-3f53-4f2a-8934-d0e91902101d,[],SIMILARITY,100,10000,0.0,NULL,40,NULL,NULL,NULL,0.0001,0.2,0.1,Epsilon = 0.1,RunStatus.SUCCESS,1680930385177,250.0
c4d96fad-6bd4-43f8-b7ee-e4fd435f56e3,1680930396,35,c4597d87-ed6e-458a-9947-020cba6b0a2f,[],SIMILARITY,100,10000,0.333333,NULL,40,NULL,NULL,NULL,0.0001,0.2,0.1,Epsilon = 0.1,RunStatus.SUCCESS,1680930385177,250.0
e2fcde6f-ca71-46bd-94d5-e4eb7e2b8ded,1680930433,35,fe1fea59-b9d3-4f48-b0eb-701893de9712,[],SIMILARITY,100,10000,0.433333,NULL,40,NULL,NULL,NULL,0.0001,0.2,0.1,Epsilon = 0.1,RunStatus.SUCCESS,1680930385177,250.0
f1a30de2-9572-4020-a4c5-90d09f20a892,1680930433,35,98d7d66f-473c-493a-a50b-f857fba8812d,[],SIMILARITY,100,10000,0.4,NULL,40,NULL,NULL,NULL,0.0001,0.2,0.1,Epsilon = 0.1,RunStatus.SUCCESS,1680930385177,250.0
9e1f258e-5ebb-4b9b-a8c8-9fa66cd3fc72,1680930433,35,930e3fb5-a0c2-461a-bc4a-882934675db1,[],SIMILARITY,100,10000,0.466667,NULL,40,NULL,NULL,NULL,0.0001,0.2,0.1,Epsilon = 0.1,RunStatus.SUCCESS,1680930385177,250.0
fd86d32e-cf5e-43c0-95e1-4f4cb17f3611,1680930433,35,289e8b21-fa18-450e-aba2-14dbe7891b46,[],SIMILARITY,100,10000,0.5,NULL,40,NULL,NULL,NULL,0.0001,0.2,0.1,Epsilon = 0.1,RunStatus.SUCCESS,1680930385177,250.0
a89eaf01-3ff5-4dfa-8177-85dd4a05283e,1680930433,35,8023fdd9-b13e-4bda-9c9f-dffbecbb1744,[],SIMILARITY,100,10000,0.533333,NULL,40,NULL,NULL,NULL,0.0001,0.2,0.1,Epsilon = 0.1,RunStatus.SUCCESS,1680930385177,250.0
ec61c918-b3be-4a8f-b4f4-053f5d603610,1680930433,35,dc0358ae-77ab-4ecc-a385-4842facab4b1,[],SIMILARITY,100,10000,0.6,NULL,40,NULL,NULL,NULL,0.0001,0.2,0.1,Epsilon = 0.1,RunStatus.SUCCESS,1680930385177,250.0
02694b62-4899-4225-b1ab-8bc3e2159e60,1680930433,35,f16c6a83-7edc-4695-bc26-119ad93e33a6,[],SIMILARITY,100,10000,0.566667,NULL,40,NULL,NULL,NULL,0.0001,0.2,0.1,Epsilon = 0.1,RunStatus.SUCCESS,1680930385177,250.0
79eb0894-0748-4a1e-afc5-aedfc0d0e167,1680930433,35,a643a11c-5d67-4061-bfce-5026bcebf1cc,[],SIMILARITY,100,10000,0.7,NULL,40,NULL,NULL,NULL,0.0001,0.2,0.1,Epsilon = 0.1,RunStatus.SUCCESS,1680930385177,250.0
b15a6328-aa00-42ea-96f8-77b128564b5c,1680930433,35,c2a40e5d-641a-4bd4-94bb-f75c893604cf,[],SIMILARITY,100,10000,0.633333,NULL,40,NULL,NULL,NULL,0.0001,0.2,0.1,Epsilon = 0.1,RunStatus.SUCCESS,1680930385177,250.0
a3bd6adc-1fd2-484e-adf3-94252dbad9ae,1680930433,35,a667fde6-bf00-4948-a3ec-0b1fb1ef496e,[],SIMILARITY,100,10000,0.666667,NULL,40,NULL,NULL,NULL,0.0001,0.2,0.1,Epsilon = 0.1,RunStatus.SUCCESS,1680930385177,250.0
f8d46a30-4c16-444e-9abc-025198f9b5ba,1680930433,35,097bc213-fe9f-4457-972b-1639a8576a58,[],SIMILARITY,100,10000,0.733333,NULL,40,NULL,NULL,NULL,0.0001,0.2,0.1,Epsilon = 0.1,RunStatus.SUCCESS,1680930385177,250.0
ff540ea4-13b8-43ef-8be4-e1d2a84c6bd6,1680930433,35,78369be1-495c-4083-805d-cd67f6fba2c7,[],SIMILARITY,100,10000,0.766667,NULL,40,NULL,NULL,NULL,0.0001,0.2,0.1,Epsilon = 0.1,RunStatus.SUCCESS,1680930385177,250.0
11d17fa0-664e-4b82-9804-56c6f37fecc1,1680930470,17,14b76a5b-86b7-44c3-8e7c-c527305bf42d,[],SIMILARITY,100,10000,0.8,NULL,40,NULL,NULL,NULL,0.0001,0.2,0.1,Epsilon = 0.1,RunStatus.SUCCESS,1680930385177,250.0
6e84a1b4-2f26-43fe-bd55-3474b96bdedc,1680930470,17,5cf554f1-8f0c-46d4-9b4b-5aa8bbde5047,[],SIMILARITY,100,10000,0.833333,NULL,40,NULL,NULL,NULL,0.0001,0.2,0.1,Epsilon = 0.1,RunStatus.SUCCESS,1680930385177,250.0
4a1451ff-0994-455e-8f3e-3c82d973db2a,1680930470,17,a61924bd-209f-4de8-a069-f80a7c5a237c,[],SIMILARITY,100,10000,0.866667,NULL,40,NULL,NULL,NULL,0.0001,0.2,0.1,Epsilon = 0.1,RunStatus.SUCCESS,1680930385177,250.0
7d6e4a83-9d8d-4182-b0c8-4832221ec887,1680930471,17,2865617f-41fc-4072-80af-1b2c865f2435,[],SIMILARITY,100,10000,0.933333,NULL,40,NULL,NULL,NULL,0.0001,0.2,0.1,Epsilon = 0.1,RunStatus.SUCCESS,1680930385177,250.0
4888a91f-1c86-46f0-ae34-1252be6d4731,1680930470,17,4ed8a627-0f8d-4466-89ba-075873e62739,[],SIMILARITY,100,10000,0.9,NULL,40,NULL,NULL,NULL,0.0001,0.2,0.1,Epsilon = 0.1,RunStatus.SUCCESS,1680930385177,250.0
4df2dd5b-ed5e-44f9-8ad7-caecb0d05d08,1680930471,17,05028062-3782-44d0-9a87-3313e47ec574,[],SIMILARITY,100,10000,0.966667,NULL,40,NULL,NULL,NULL,0.0001,0.2,0.1,Epsilon = 0.1,RunStatus.SUCCESS,1680930385177,250.0
b585632d-ca3f-4050-b315-c63103038616,1680930502,40,b6c254dc-7a18-42e2-8a0d-5b3d2530f292,[],SIMILARITY,100,10000,0.2,0.007765,40,NULL,NULL,NULL,0.0001,0.2,0.1,Epsilon = 0.1,RunStatus.SUCCESS,1680930490638,250.0
237ed66f-b2d1-4017-8470-c3de9376d610,1680930502,40,8e3acf18-d2a4-49b0-a296-c298baa14206,[],SIMILARITY,100,10000,0.2,0.010353,40,NULL,NULL,NULL,0.0001,0.2,0.1,Epsilon = 0.1,RunStatus.SUCCESS,1680930490638,250.0
5957d047-88c1-4097-ac9d-2e22938f0903,1680930502,40,d5fb5267-95f8-41f7-9e4b-3629bc247979,[],SIMILARITY,100,10000,0.2,0.018117,40,NULL,NULL,NULL,0.0001,0.2,0.1,Epsilon = 0.1,RunStatus.SUCCESS,1680930490638,250.0
26d0a447-498b-4bf3-a8d2-a69f2286d686,1680930502,40,7a3b9dca-4735-4906-ad9a-dbf642d5ba60,[],SIMILARITY,100,10000,0.2,0.028469,40,NULL,NULL,NULL,0.0001,0.2,0.1,Epsilon = 0.1,RunStatus.SUCCESS,1680930490638,250.0
90e4233c-79fe-4345-b558-4dead0705170,1680930502,40,55005d9e-3677-4f47-acf1-bc7cf234b097,[],SIMILARITY,100,10000,0.2,0.020705,40,NULL,NULL,NULL,0.0001,0.2,0.1,Epsilon = 0.1,RunStatus.SUCCESS,1680930490638,250.0
8719576c-c34c-4451-a753-ca18c9eece72,1680930501,40,a2ddeb54-ba4f-482f-8d31-5e7f1ee7eaa6,[],SIMILARITY,100,10000,0.2,0.002589,40,NULL,NULL,NULL,0.0001,0.2,0.1,Epsilon = 0.1,RunStatus.SUCCESS,1680930490638,250.0
7938943e-bf3c-4dd7-8e99-299665a6ce74,1680930502,40,37bd0bff-8967-4f77-a5ee-292ce6f83a60,[],SIMILARITY,100,10000,0.2,0.025881,40,NULL,NULL,NULL,0.0001,0.2,0.1,Epsilon = 0.1,RunStatus.SUCCESS,1680930490638,250.0
5ba252d3-a253-42c5-ac21-518f33dffd9a,1680930502,40,ed54ff2f-b31f-4e52-a91d-0137dfbc0a89,[],SIMILARITY,100,10000,0.2,0.012941,40,NULL,NULL,NULL,0.0001,0.2,0.1,Epsilon = 0.1,RunStatus.SUCCESS,1680930490638,250.0
c2e6ac85-b190-4ad6-a72c-09db4611ae1a,1680930502,40,a5e2c5d2-b41a-451b-b498-169bfe89c159,[],SIMILARITY,100,10000,0.2,0.005177,40,NULL,NULL,NULL,0.0001,0.2,0.1,Epsilon = 0.1,RunStatus.SUCCESS,1680930490638,250.0
a6075bd0-6508-478e-b156-20e5e2bec9c5,1680930501,41,049184a2-2f8f-479d-a325-a07e02862194,[],SIMILARITY,100,10000,0.2,1e-06,40,NULL,NULL,NULL,0.0001,0.2,0.1,Epsilon = 0.1,RunStatus.SUCCESS,1680930490638,250.0
732fff5d-9736-4ae4-886e-a8ff08167c47,1680930502,40,d035f4bc-a706-4142-ab25-a2aade81ed04,[],SIMILARITY,100,10000,0.2,0.015529,40,NULL,NULL,NULL,0.0001,0.2,0.1,Epsilon = 0.1,RunStatus.SUCCESS,1680930490638,250.0
d6aad8af-bc34-45cf-b3b3-0b8b15941a70,1680930502,41,9abdc9cc-e39e-47c0-88aa-47fdaafa99df,[],SIMILARITY,100,10000,0.2,0.023293,40,NULL,NULL,NULL,0.0001,0.2,0.1,Epsilon = 0.1,RunStatus.SUCCESS,1680930490638,250.0
06a7a923-76e7-410b-8c72-6626fcd6ed18,1680930545,35,3c99efd7-5e75-4539-9474-86fb07739fe1,[],SIMILARITY,100,10000,0.2,0.031057,40,NULL,NULL,NULL,0.0001,0.2,0.1,Epsilon = 0.1,RunStatus.SUCCESS,1680930490638,250.0
c38d7f80-837d-49a7-92b3-a701bd47a8b5,1680930545,35,05f0f4dd-3438-4629-b9f4-17f94599605e,[],SIMILARITY,100,10000,0.2,0.036233,40,NULL,NULL,NULL,0.0001,0.2,0.1,Epsilon = 0.1,RunStatus.SUCCESS,1680930490638,250.0
37a8a33a-6eec-4b42-ade6-3bfd8e9425a4,1680930545,35,e7f15a11-e384-478e-b67b-9c74cd98c3bd,[],SIMILARITY,100,10000,0.2,0.041409,40,NULL,NULL,NULL,0.0001,0.2,0.1,Epsilon = 0.1,RunStatus.SUCCESS,1680930490638,250.0
4a01075c-5fd2-41b1-909f-f285c4ecaef6,1680930545,35,aec6c278-4c5f-44b3-970a-5af9be7a6aca,[],SIMILARITY,100,10000,0.2,0.033645,40,NULL,NULL,NULL,0.0001,0.2,0.1,Epsilon = 0.1,RunStatus.SUCCESS,1680930490638,250.0
301fef13-baae-4912-aa4d-373f3d5ea517,1680930545,35,e87d7019-aa9d-49f5-9eff-356af0b1e94e,[],SIMILARITY,100,10000,0.2,0.038821,40,NULL,NULL,NULL,0.0001,0.2,0.1,Epsilon = 0.1,RunStatus.SUCCESS,1680930490638,250.0
2834c1b0-ea81-401c-a1bd-ed729c3388d6,1680930545,35,57d59fdf-44f9-4030-a522-1f530aa898d0,[],SIMILARITY,100,10000,0.2,0.046585,40,NULL,NULL,NULL,0.0001,0.2,0.1,Epsilon = 0.1,RunStatus.SUCCESS,1680930490638,250.0
bd12f09c-7739-48b2-9887-e7131e51faca,1680930545,35,c7a8e870-f275-446c-801b-a915d421a96f,[],SIMILARITY,100,10000,0.2,0.051761,40,NULL,NULL,NULL,0.0001,0.2,0.1,Epsilon = 0.1,RunStatus.SUCCESS,1680930490638,250.0
32e8eab0-6741-4278-82a0-19155d26b783,1680930545,35,0ac09d37-3544-4f5b-b03f-59eca8eeddbe,[],SIMILARITY,100,10000,0.2,0.049173,40,NULL,NULL,NULL,0.0001,0.2,0.1,Epsilon = 0.1,RunStatus.SUCCESS,1680930490638,250.0
91be201c-79b8-4848-8f23-712f133da04e,1680930545,35,50fbf8eb-207f-41d0-a7eb-ad199c9f972e,[],SIMILARITY,100,10000,0.2,0.043997,40,NULL,NULL,NULL,0.0001,0.2,0.1,Epsilon = 0.1,RunStatus.SUCCESS,1680930490638,250.0
88669934-f138-4bee-9739-8283715986f5,1680930546,35,cfa62219-1eca-463c-81fb-3e4815d9c449,[],SIMILARITY,100,10000,0.2,0.056937,40,NULL,NULL,NULL,0.0001,0.2,0.1,Epsilon = 0.1,RunStatus.SUCCESS,1680930490638,250.0
7157fa74-ebf4-49d6-83e2-3da3be7473f2,1680930545,35,92f9c30e-4519-4ece-b84d-24396d7dc56c,[],SIMILARITY,100,10000,0.2,0.054349,40,NULL,NULL,NULL,0.0001,0.2,0.1,Epsilon = 0.1,RunStatus.SUCCESS,1680930490638,250.0
cda46bc7-0ffd-4a9f-9eeb-57f62b448555,1680930546,35,65816482-4f67-4459-9fac-844eb86d12b7,[],SIMILARITY,100,10000,0.2,0.059525,40,NULL,NULL,NULL,0.0001,0.2,0.1,Epsilon = 0.1,RunStatus.SUCCESS,1680930490638,250.0
8b978610-8758-4454-b414-2c05c170af5e,1680930582,18,821a1737-ba4f-472c-856d-bf22bee8f66d,[],SIMILARITY,100,10000,0.2,0.062113,40,NULL,NULL,NULL,0.0001,0.2,0.1,Epsilon = 0.1,RunStatus.SUCCESS,1680930490638,250.0
0611de9d-a1b6-4cac-9553-0c3682dd2644,1680930583,18,5cfd1e4c-8d39-45a2-8c11-db6f3da6c32e,[],SIMILARITY,100,10000,0.2,0.067289,40,NULL,NULL,NULL,0.0001,0.2,0.1,Epsilon = 0.1,RunStatus.SUCCESS,1680930490638,250.0
6dd04644-947f-421c-81de-195fda0abb7d,1680930583,18,97f26d63-57fd-477a-8e1b-9d927126d21a,[],SIMILARITY,100,10000,0.2,0.069877,40,NULL,NULL,NULL,0.0001,0.2,0.1,Epsilon = 0.1,RunStatus.SUCCESS,1680930490638,250.0
5ef20e5d-ef04-414f-9b4f-b3dbfd2a183b,1680930583,18,d7b45c02-e6ae-44ca-a9c0-add773dd58b8,[],SIMILARITY,100,10000,0.2,0.064701,40,NULL,NULL,NULL,0.0001,0.2,0.1,Epsilon = 0.1,RunStatus.SUCCESS,1680930490638,250.0
d93d2b37-1bb6-4818-b6eb-9911c1e83d34,1680930583,18,ccb294a3-82f2-447f-90d4-95dcbe72899e,[],SIMILARITY,100,10000,0.2,0.072465,40,NULL,NULL,NULL,0.0001,0.2,0.1,Epsilon = 0.1,RunStatus.SUCCESS,1680930490638,250.0
cca8aa5e-6040-4619-a697-c3d23d4869ef,1680930583,18,520bf8f8-1048-4b45-8e07-68b6cef4df53,[],SIMILARITY,100,10000,0.2,0.075053,40,NULL,NULL,NULL,0.0001,0.2,0.1,Epsilon = 0.1,RunStatus.SUCCESS,1680930490638,250.0
a36634cd-46a1-4dd6-8e5b-d2088026fb48,1680930614,31,604705ba-fbc7-450f-846c-cd78c90c4596,[],SIMILARITY,100,10000,0.25456,0.075,40,NULL,NULL,NULL,0.0001,0.2,0.1,Epsilon = 0.1,RunStatus.SUCCESS,1680930604088,250.0
22a6ff5a-c305-499b-98f2-260c2bb3a786,1680930613,32,704296aa-02aa-4e8e-9db4-e848e8f4d6c1,[],SIMILARITY,100,10000,0.234107,0.075,40,NULL,NULL,NULL,0.0001,0.2,0.1,Epsilon = 0.1,RunStatus.SUCCESS,1680930604088,250.0
6a718e14-1854-41a1-a081-1fb0c7451c80,1680930613,32,fd0d09ad-35e0-4fc7-b4f9-d5bd97310140,[],SIMILARITY,100,10000,0.1932,0.075,40,NULL,NULL,NULL,0.0001,0.2,0.1,Epsilon = 0.1,RunStatus.SUCCESS,1680930604088,250.0
21b8d91b-9b96-4c16-a5a0-837e68fe4c69,1680930614,32,800a4059-664f-4367-b918-c108932afa1d,[],SIMILARITY,100,10000,0.295467,0.075,40,NULL,NULL,NULL,0.0001,0.2,0.1,Epsilon = 0.1,RunStatus.SUCCESS,1680930604088,250.0
b45f43fa-d8f2-4f90-8a4d-718caf61c842,1680930614,32,db604bbd-1d4c-4c07-9883-b73da816f31e,[],SIMILARITY,100,10000,0.275013,0.075,40,NULL,NULL,NULL,0.0001,0.2,0.1,Epsilon = 0.1,RunStatus.SUCCESS,1680930604088,250.0
08460605-bb1c-486c-a63b-5d93bc3f9bd2,1680930614,32,beaadd3a-abd9-49cf-8490-5fcfe7514d1b,[],SIMILARITY,100,10000,0.31592,0.075,40,NULL,NULL,NULL,0.0001,0.2,0.1,Epsilon = 0.1,RunStatus.SUCCESS,1680930604088,250.0
e16715d0-0059-4f6a-93e3-ff6504e11223,1680930614,32,8fbb824c-f0c7-4518-b0e7-5eb97d7db0ab,[],SIMILARITY,100,10000,0.397733,0.075,40,NULL,NULL,NULL,0.0001,0.2,0.1,Epsilon = 0.1,RunStatus.SUCCESS,1680930604088,250.0
381e7b1c-11d3-4764-9bb5-c17ca5403b82,1680930614,32,7f542bdd-9922-4b7f-9609-f673328b8aa0,[],SIMILARITY,100,10000,0.356827,0.075,40,NULL,NULL,NULL,0.0001,0.2,0.1,Epsilon = 0.1,RunStatus.SUCCESS,1680930604088,250.0
266ad4eb-2e36-4818-a291-013d0197e747,1680930613,32,86edf372-8ea7-462c-a7f3-b039d5685af2,[],SIMILARITY,100,10000,0.213653,0.075,40,NULL,NULL,NULL,0.0001,0.2,0.1,Epsilon = 0.1,RunStatus.SUCCESS,1680930604088,250.0
533aa11e-9ab9-4800-8650-adac0419a3db,1680930614,32,029bf58d-7942-4d6a-927b-cb2bfdd530ef,[],SIMILARITY,100,10000,0.418187,0.075,40,NULL,NULL,NULL,0.0001,0.2,0.1,Epsilon = 0.1,RunStatus.SUCCESS,1680930604088,250.0
56e58f28-289b-45a3-a8a2-e811abba8616,1680930614,32,63a5b8b9-802b-4db3-9937-5d2dd7d724bd,[],SIMILARITY,100,10000,0.336373,0.075,40,NULL,NULL,NULL,0.0001,0.2,0.1,Epsilon = 0.1,RunStatus.SUCCESS,1680930604088,250.0
147e66f0-d053-4dbb-925c-1ce2011c419b,1680930614,32,0f81aa5c-30bb-4bc8-a1c4-d8bcb517b238,[],SIMILARITY,100,10000,0.37728,0.075,40,NULL,NULL,NULL,0.0001,0.2,0.1,Epsilon = 0.1,RunStatus.SUCCESS,1680930604088,250.0
92dbf2b5-2136-44e7-9d13-883e879c1249,1680930648,32,ab929b42-dee6-49f5-86c7-33cc133b726f,[],SIMILARITY,100,10000,0.43864,0.075,40,NULL,NULL,NULL,0.0001,0.2,0.1,Epsilon = 0.1,RunStatus.SUCCESS,1680930604088,250.0
0e073635-dec0-47c2-8b8d-bc98eec9c65c,1680930648,32,d173c656-8a65-4ba9-93ba-cfa7e23612aa,[],SIMILARITY,100,10000,0.459093,0.075,40,NULL,NULL,NULL,0.0001,0.2,0.1,Epsilon = 0.1,RunStatus.SUCCESS,1680930604088,250.0
1ef8c5fb-95dc-4185-91e8-bca8ea9ad94a,1680930648,32,7e0ca008-eb8a-4d2b-a28b-3260ab06d612,[],SIMILARITY,100,10000,0.5,0.075,40,NULL,NULL,NULL,0.0001,0.2,0.1,Epsilon = 0.1,RunStatus.SUCCESS,1680930604088,250.0
22498824-875d-4304-9d21-49e511767caf,1680930648,32,35e0db48-82b8-4901-b7dd-153d680c4033,[],SIMILARITY,100,10000,0.520453,0.075,40,NULL,NULL,NULL,0.0001,0.2,0.1,Epsilon = 0.1,RunStatus.SUCCESS,1680930604088,250.0
aa45205c-398c-4c89-9a16-7199904738df,1680930648,32,d3f98108-d996-4b20-8baf-450dd640d9bc,[],SIMILARITY,100,10000,0.540907,0.075,40,NULL,NULL,NULL,0.0001,0.2,0.1,Epsilon = 0.1,RunStatus.SUCCESS,1680930604088,250.0
3c20f4cb-34c5-4e77-8748-caf304270e42,1680930648,32,ab7328ac-6c25-48e2-b09d-cfd58908c90d,[],SIMILARITY,100,10000,0.56136,0.075,40,NULL,NULL,NULL,0.0001,0.2,0.1,Epsilon = 0.1,RunStatus.SUCCESS,1680930604088,250.0
1cc65596-c509-4b66-8b75-42ed4ad210aa,1680930648,32,9027ff85-fcec-4647-9619-04dfdb999d76,[],SIMILARITY,100,10000,0.581813,0.075,40,NULL,NULL,NULL,0.0001,0.2,0.1,Epsilon = 0.1,RunStatus.SUCCESS,1680930604088,250.0
18cbb904-21aa-41f6-abbf-81f0d94046d8,1680930648,32,29249b82-8c66-4ea5-a935-15fe27767459,[],SIMILARITY,100,10000,0.479547,0.075,40,NULL,NULL,NULL,0.0001,0.2,0.1,Epsilon = 0.1,RunStatus.SUCCESS,1680930604088,250.0
9c895509-2dd9-40b1-9c86-0ec1a9ef5913,1680930648,32,0a79fe50-88b8-439d-b05c-3792f06afcd1,[],SIMILARITY,100,10000,0.62272,0.075,40,NULL,NULL,NULL,0.0001,0.2,0.1,Epsilon = 0.1,RunStatus.SUCCESS,1680930604088,250.0
c32cbf1a-d7f1-4824-a3c6-874cfcc2f487,1680930648,32,094953c4-6d58-444a-ae74-c57fc2dd07d2,[],SIMILARITY,100,10000,0.643173,0.075,40,NULL,NULL,NULL,0.0001,0.2,0.1,Epsilon = 0.1,RunStatus.SUCCESS,1680930604088,250.0
971211d5-0426-45e0-b5a2-818fab145038,1680930648,32,48b42220-af57-4e4b-aa75-0429d27bbfdb,[],SIMILARITY,100,10000,0.602267,0.075,40,NULL,NULL,NULL,0.0001,0.2,0.1,Epsilon = 0.1,RunStatus.SUCCESS,1680930604088,250.0
ff8942d8-3e82-4715-b22a-7c4536885883,1680930648,32,0dd1fce4-48a5-4d09-a01d-864dab63aef8,[],SIMILARITY,100,10000,0.663627,0.075,40,NULL,NULL,NULL,0.0001,0.2,0.1,Epsilon = 0.1,RunStatus.SUCCESS,1680930604088,250.0
28d286b6-5c14-4881-95d0-e35c59b8a3b9,1680930682,17,003f8ca8-ddaa-4ccb-8a26-5a5d71b1f13b,[],SIMILARITY,100,10000,0.68408,0.075,40,NULL,NULL,NULL,0.0001,0.2,0.1,Epsilon = 0.1,RunStatus.SUCCESS,1680930604088,250.0
e7acc506-b91d-4544-b766-5859c98a007b,1680930682,17,1852460b-5c51-427c-9b3d-03c552bbeb18,[],SIMILARITY,100,10000,0.704533,0.075,40,NULL,NULL,NULL,0.0001,0.2,0.1,Epsilon = 0.1,RunStatus.SUCCESS,1680930604088,250.0
522d7209-c732-4624-b617-936673d84e5f,1680930682,17,d3e51f52-0b6e-4291-b255-e7c37c867297,[],SIMILARITY,100,10000,0.724987,0.075,40,NULL,NULL,NULL,0.0001,0.2,0.1,Epsilon = 0.1,RunStatus.SUCCESS,1680930604088,250.0
d5be097f-acaf-4a0c-b25e-a44ff350b29a,1680930683,17,70b7708b-ad58-40ea-b985-d06affd17427,[],SIMILARITY,100,10000,0.74544,0.075,40,NULL,NULL,NULL,0.0001,0.2,0.1,Epsilon = 0.1,RunStatus.SUCCESS,1680930604088,250.0
e10f9688-1656-4544-9fe2-cfa7e4c333b1,1680930683,17,732c0baf-d3f7-46bd-8785-4b08e674cab4,[],SIMILARITY,100,10000,0.786347,0.075,40,NULL,NULL,NULL,0.0001,0.2,0.1,Epsilon = 0.1,RunStatus.SUCCESS,1680930604088,250.0
2b5d5f14-00d6-4005-b36e-702c47aa05a3,1680930683,17,7fed484a-3a3d-4bf4-8509-d9cec0c1c71b,[],SIMILARITY,100,10000,0.765893,0.075,40,NULL,NULL,NULL,0.0001,0.2,0.1,Epsilon = 0.1,RunStatus.SUCCESS,1680930604088,250.0
