experiment_id,timestamp,run_time,config_id,experiment_tags
c1cef6e8-8b25-4106-a6c6-3f2eab55ad49,1682442058,38,c3ccbc0d-7edb-454e-82fd-02290bee11e9,[]
7031bfde-9a85-41f3-9b9b-854b3fb3a33e,1682442058,38,0344e0c4-d86a-4408-a0d4-215e09dd20ea,[]
8629c21b-c404-4e43-96a6-a719ded421c7,1682442058,38,f0d8bec4-ccdd-4db7-a789-a2900a264e7b,[]
ad14a2d5-6350-4236-a121-0adaa681988f,1682442058,38,d92f54d5-f7e9-4e97-a44f-400dc9656a4d,[]
e975b6f2-df3a-4985-9c35-def27d454fee,1682442058,38,ddcdc7c4-7813-4f27-91fd-f439eda5574e,[]
ab5fd75c-4667-4e58-8925-91fedede68d1,1682442057,38,b51e4462-0b0f-45ac-9edf-82b789936c01,[]
ad6890bc-29a5-4724-bb1f-78f4a2858023,1682442058,39,80e034fe-7028-444d-ba55-e9943800861c,[]
84d6f5a7-bb59-4ee2-b31e-0026fd462a09,1682442058,38,bfbd417f-2283-4cfc-bd11-d7d20cddb994,[]
78145d35-18e6-4069-a7a4-582d7cf5f5ee,1682442058,38,cc4e19a3-a362-4724-9b64-8a61907a72ab,[]
82b03c39-2e0e-4505-ab09-63436d700ef6,1682442057,38,835ef8de-20a2-4e23-a19c-67ddd8215a5e,[]
03616a8f-87cf-4973-b5f5-80374fdb5637,1682442057,38,54dcd2cc-2846-41b6-b43c-8f63c4b28798,[]
d8c997bd-5e3d-46f5-b625-ede07392ba5e,1682442058,39,8ea3bba2-7058-4693-9e4a-62a56b5f2d4d,[]
b72375a5-fb40-4aad-8402-ea67808cc069,1682442099,40,1604cd37-7a78-496e-a6c8-95d7dcec3894,[]
ec7a45bf-2a44-49c5-97be-a8cbf82114f0,1682442099,40,28a31ce2-47ec-4a0b-892b-c3e13d905356,[]
0c7c9e1c-f1f6-45ce-8781-cdd4a43bdc23,1682442099,40,92a8af6e-c650-406a-a504-3267f245cec8,[]
511e7992-f274-45a1-9c48-5823966a0368,1682442099,40,4e38e9b7-2ed4-4771-91eb-6206f32c0a22,[]
d403e45e-424e-4f77-aa5c-d9099f5373db,1682442099,40,2bad79dc-93ab-4f66-8c8c-7c56669d6d3b,[]
6f26d0ef-f653-4a06-a941-5a9c79178b74,1682442099,40,14b7257d-1d36-47bc-9496-1a3aa34b5c75,[]
ea86f275-8afd-48a0-967e-4a0d80f8ac69,1682442099,40,8dcdd216-3672-432d-99f3-c6669e799541,[]
a4ca2f07-b076-4c3f-a794-f812930fc98b,1682442099,40,33caaf8f-6bc9-454b-9fda-45f971f09eb5,[]
9f9571a0-0049-40b7-a323-c06dff62a876,1682442099,40,c90a3dbf-a74c-440c-ab69-36e1ade1aac3,[]
288e42c3-4759-40ed-bd1d-803ffcbc657b,1682442099,40,cc5b9b2a-ec43-4243-91c4-4b8ef16175a7,[]
a38218c6-ae32-4a1b-8e00-483d975f7815,1682442100,40,e20494fd-6a6a-4faf-9f12-ce2a443f2a8f,[]
6d6177c2-3fed-4454-8171-1d9e780b007d,1682442100,41,4539fddd-2596-4fc5-8645-76676f6fe962,[]
620d3e21-ca16-441a-ae0b-ffcec092f335,1682442142,39,5134aa54-31c6-4982-9fc1-609182e07033,[]
5ea9be46-6ebd-482e-9cea-2570321104a4,1682442142,39,169bd7b9-e14a-4e75-9fbc-b557a9e6545c,[]
dc7623dc-d51b-4c64-a7b1-7e49eba03659,1682442142,39,b5a06c19-62dc-4821-a5ff-7ac6d9f3ebe3,[]
88e60818-61f4-4c0f-bf50-d3ad67186d2c,1682442142,39,a063baa4-a6a2-411b-b8bd-0455200abae3,[]
5e7abd41-be54-4bc0-bb36-a8400c9e0973,1682442142,39,d50669f7-4560-42b0-8b5c-8a41c45fcc52,[]
674efa2f-a616-43d3-b6dd-cdc961f66639,1682442142,39,cedce5d4-279c-45bb-ab31-4619a885477b,[]
71c96d41-b908-4bea-b453-4e2ef447dd84,1682442143,41,676737f6-e185-4b98-91b2-6e539c5c84be,[]
d26389e6-ed8a-4dbb-8dca-7337a9e22f31,1682442143,41,a65c6a28-3956-4b2d-a95a-78bf690e5e0d,[]
f1bb7ce5-bb90-4df8-9c79-8b6e2ab26f94,1682442142,41,0316ecc1-bed3-4539-a375-7c0bdb838be4,[]
bf6eb981-b7fb-4254-b0c0-1bd9c85f1edb,1682442143,41,370b2f36-8d94-42ed-a859-a9ee98864c31,[]
cd7599e6-410a-4b9b-8b69-2c3e234f8218,1682442143,40,6ae02871-9bc8-4c4d-a759-3afb3a8f6d5b,[]
08168a16-98c2-41ba-af81-77833aeee5b9,1682442144,41,ca669061-08f0-4bd6-b4ad-221f34006aa0,[]
718ac67e-47f7-47fc-88e9-dcb516cc77b3,1682442184,40,a4d5261a-9c54-404c-8245-efef2a729aef,[]
c64d68a5-687a-4ebb-ba43-758a0fa0fc0f,1682442184,41,948f46b9-57f9-4d8f-a212-ac7a09545092,[]
b6efb6e8-3091-4d91-9c15-f0872a25a386,1682442184,40,4aed4dd5-652f-4b5e-ac64-79bba7f425aa,[]
0a22ed27-66c8-4ee0-a755-5caf11dd81b6,1682442185,40,cc1cea71-0cb2-4544-bb2d-519ff84ec24a,[]
029c2945-b990-43a1-ba6c-f42ff947e171,1682442185,41,04d90269-8faa-4c6c-a6d7-7889fe056da5,[]
2f9b4d28-705d-4b4a-b26e-8d1e0709ef3f,1682442185,41,323dc2b2-e8f3-4cd7-9da4-c1710c27de7f,[]
c5210030-d114-4258-8175-5b1880172d02,1682442186,40,248bf41a-a279-49fc-a679-249b2303d804,[]
44389a80-42b1-4b4c-8fa6-4b82f817a129,1682442186,40,2e2cf039-4846-44ce-aeb9-cbd371193623,[]
e051100e-2365-4556-9c9d-6b8879722194,1682442186,41,21ad30e7-8974-4879-acf1-12eeadf0d1ca,[]
086ac19b-67b7-420b-a606-3686dd06fb31,1682442186,41,972ef485-1319-41d8-834d-5c5a1efe5381,[]
bb8ff5f4-848a-43a1-842b-aecb192f123b,1682442187,40,618c8eed-a2e9-4abd-a6aa-4241c16c5e4d,[]
fe6b3e10-b8dd-47c2-b21d-a47d7c50a018,1682442188,41,1dd27ad9-35b2-48be-a221-f015dde9bdce,[]
b3e06ff6-60d6-4891-a61d-7ead1c3d826e,1682442228,42,2836b4c3-a3ab-473d-b11f-0b6ba214e9c5,[]
16314a5f-56f1-438c-9344-a817070225ce,1682442228,42,ab1b0bb5-2e58-4aed-a160-d2369d5f14d1,[]
6281c46a-601f-4496-ac9c-64e0897a37d8,1682442228,43,e7603e37-7272-4044-a84d-da7a92186f3b,[]
235b3653-a313-4575-a96a-fac214587e51,1682442228,43,6800ca3d-63c5-433a-9db9-bd25761ab426,[]
cd69276b-ccaa-476f-8fd7-f0841c02b6bc,1682442228,42,a416757b-4910-49cb-9b28-9bdb923a1ccc,[]
7bb33686-9738-4899-8d0f-d403de464152,1682442229,43,57e9556e-6385-4cc5-96c4-425fd13b946a,[]
877b1266-1305-427a-9562-205d0f4012fe,1682442230,43,f517d1c0-48ca-43bd-b3e4-3a1018315ef1,[]
de1976e4-3c81-4885-b538-584980bc8667,1682442230,43,79bfd5bb-4816-4b78-bd11-25fcaf400fc6,[]
1200ac16-f5f9-4e25-b00b-7eeaa8970bfb,1682442230,43,1de9dc12-55dc-4e1b-b0cb-9f40b9b922fa,[]
0b7fdfe8-e492-4cac-a01c-189a455707b8,1682442230,43,9942b080-5f65-4749-b0f8-bb3c1ae0a552,[]
35786a22-4610-4beb-82ae-0da1abf5bfda,1682442230,43,511d2471-7a53-42d1-931a-fa4187a55642,[]
e38ed123-dd40-4b07-8da0-72297b8d8b07,1682442232,44,c6a0127b-57c0-4d34-b5d8-46c0347cf7e9,[]
b29a530f-f271-44de-b1dd-d8878ee413e5,1682442274,44,9fe458dd-3677-493f-b69e-6282013b5bfa,[]
882a95c1-78b8-40c0-8d15-a1316a7443f6,1682442275,44,edd8fd39-93c1-4433-8549-3d171b63cc66,[]
407cf468-998c-4de4-b53c-a8d7b28fbcad,1682442276,44,68c9b797-36c4-430f-81b9-17e263824d36,[]
f3f26368-f267-4f3f-9464-75c450a6e358,1682442274,45,0dd7a8e6-56ce-45d3-ac4e-2f68a1c5a9f5,[]
957b7020-8956-485b-8c4e-ed54bc9ae826,1682442274,45,676bea81-7da9-4a7c-8ecc-66ecbd7ca21a,[]
84013b7e-f17b-4837-ab0b-dcbf00b6a58d,1682442275,45,a7e9ebd0-86f7-4705-b946-4e49c7156d57,[]
890d6b8b-e1b4-4e9c-899a-3660b77a8603,1682442277,44,fcadd8eb-58be-42c2-9ed2-841b97414865,[]
60b78088-cdd6-4669-a956-f7bd9fb494a9,1682442277,44,e8818f9f-63cf-4ba4-800c-3844eafbf4d0,[]
20460f71-9eaa-4c35-92b8-edbc52b45fcb,1682442277,46,3a1ba93c-c6d0-4745-8188-23ed58a29aab,[]
3e10b192-31c1-4a31-bf86-fbd47c0e04fc,1682442277,46,b2da5d24-a83e-488a-8800-78253d70070c,[]
72bb3e8d-52b0-4458-a333-a5fb4a4c3c74,1682442278,46,6504f148-5eb0-44e3-b9ae-5a52794932cb,[]
ae8d0ced-176d-4693-af14-b499f10fd1a1,1682442279,46,5e2aeff3-29ae-498f-8b13-242a8c83f13d,[]
3ff1cc8e-0eb3-4d7b-a58e-0184a56e9554,1682442323,46,f410e29e-6108-482c-998b-ec976785eb7b,[]
c2fc894d-17f9-455e-a8d1-d3e541eea51b,1682442324,46,e5096dfe-9410-40d7-8975-091fa02ebed8,[]
39c50dfd-c879-4e9f-82dc-8f64196fa084,1682442322,48,500e7392-91df-4f42-ad73-dcd74dfff1ed,[]
b7520869-40ee-421a-a580-8e55b2ec4393,1682442325,46,b242d4e6-e956-49b7-889d-532a37cfa65e,[]
7754f3a3-51ed-4cf9-833d-a4040c6dd84f,1682442324,47,76f48f15-389d-4d0d-9d83-006a5fd987ab,[]
6c52fe8e-405a-4672-8b8f-9397d16eb80e,1682442325,47,b98d7361-f462-4590-b780-9c004cd1b4ea,[]
efb2dcf1-69ab-4a7a-8fdc-6d0e721fa5c5,1682442326,45,23d8dd6c-7ec1-442d-86d7-616d369a4970,[]
abddffd7-16ce-40fb-8f93-744280bcc5e8,1682442326,47,b0d27e23-2dbb-4cb4-9791-269278fcf41f,[]
55249057-6b04-4af7-8be7-2c576c781a93,1682442328,45,fbe278a5-0898-433c-9a9f-2c15ef4cac87,[]
b4d651ef-b8a2-4ac8-aabb-34e36aa19bb9,1682442327,46,02127ef1-4e6d-4f1e-922f-332c117cf1a6,[]
25104959-1436-4c77-8a1e-2b9e05301738,1682442330,45,8e7cc63f-f600-4a7c-84d9-eb5c0b247fd7,[]
53abf5cb-d58f-438d-9419-b05d6c15a294,1682442329,46,d51d605e-f3e0-480d-a84e-0be538ce041e,[]
7907b192-56d7-4ac0-b88e-b6ac7764944d,1682442373,39,7d59426e-cb84-4d69-9f28-026161b555de,[]
27f9eb07-2e2d-4498-a334-d01c58c487b1,1682442374,39,79ad7d9f-901a-418d-8512-3b8b9ee78b34,[]
fefeae36-8364-49fe-befa-247dee28e64d,1682442373,40,8c5619ee-1156-4703-b20a-c94bf886a306,[]
ca9f8fff-046e-4488-8923-5063bcc6e6c2,1682442373,40,914511df-18be-49c5-b849-d423d0a8850f,[]
b01532b4-45a1-45d1-b92f-381cd56fe96f,1682442375,39,1ce81412-011e-4ffd-9264-340827806ccb,[]
4eb583ef-36a2-4832-92ed-52f9feac4b75,1682442376,39,238c5e00-eb3e-4878-ad63-f1a6054691e3,[]
a3cb4bce-a79e-4060-8dd8-096087c890d0,1682442375,40,34d3b21a-ae0c-4407-9b28-f421abaf43db,[]
71654b97-683c-4950-80d5-506e5dad8bdb,1682442375,40,f12f3f64-6633-40f9-ad8d-4fef334f837f,[]
21b89b1a-19e7-4177-9dd9-8c80244452c1,1682442377,39,398fe0d6-e333-4a18-94d3-6f1fcdfbfb8f,[]
12dd068f-ffc5-4225-b60f-6c61b0af56ef,1682442376,41,9e4d7fb3-060c-45ea-84b2-a62c9196d4dc,[]
7870f56a-7221-425c-ac12-75041606b176,1682442378,39,fc916b2a-0fc4-48b8-ad55-f95c7418fd85,[]
b22b97e3-7bf1-4efa-bae4-849c86442e00,1682442378,41,f678020c-b6ab-4541-b0e2-667a9beb5eb9,[]
00c80f9d-34be-4c84-a1a0-6cc80c5c6f65,1682442416,43,186e8321-f5ec-4469-bed0-0bdee66f2d04,[]
27a16841-062a-4573-9b85-fb88ed17964e,1682442415,44,18ac3ad9-0068-4357-a3e2-8808f91ca9ed,[]
488f57ab-6f73-42b1-a57f-8be29cdbfc9c,1682442417,42,261838a0-f2ad-4db5-a802-c344acbbd7c9,[]
4d729978-2311-4168-84f9-13fde6dbd86f,1682442416,44,58512633-2e0b-4b0b-9013-93844379dad8,[]
3bd5a37d-c4fd-4467-87db-6453e3b3a4e0,1682442417,44,aa5118be-14d9-43a2-b683-bc0750a6bc3f,[]
82c59868-6ec3-44e5-9013-cd9ba127801b,1682442418,43,9a57c28a-3684-471a-a5ed-160db268aec5,[]
3191f366-b461-4101-8796-771126cc948a,1682442419,43,afc23b78-60dd-4b66-a19a-7f9ec7b7d92f,[]
5209c82c-306a-44c6-a001-7f87384fddd3,1682442418,44,7ac7805b-e9d5-4aac-93c7-b76423f1d125,[]
09e2b4e3-772f-408d-a12c-79c499b09e18,1682442420,43,37d5d6c3-e136-452f-ab8a-efade3a1b285,[]
dd226adb-2c21-4a38-a9e1-f569753713d0,1682442419,44,a14ac4e4-fee7-4e02-9771-724ca99f1cb9,[]
20592ae5-f5a7-4e93-987b-15d944abb43b,1682442420,45,b2f7d48c-8dc2-429d-9a59-6220d4c28e15,[]
9928635d-08f7-479b-9d21-73426445517e,1682442422,44,a7b71e43-d844-4e99-bec4-699cf1536311,[]
75042166-6840-433e-8d4a-4ff66fdc03d6,1682442462,39,0da40cd1-dada-4235-851e-d07e6a778af8,[]
c52beb8c-e1b2-4e3e-84ac-1e3fd0c69abd,1682442462,41,9acf82ca-aefb-4d19-879e-8f9ddbb0033a,[]
6aa02a3d-9ce9-430a-a131-f84fe8d9fa6c,1682442464,39,c88f7781-46b2-4eb1-9868-c09df9a9f450,[]
2f9e10ac-b12b-40ef-82e7-c381892e10a9,1682442463,41,3c098575-500a-468f-96f1-6424c0d127d3,[]
058cc64b-237a-4e12-9871-ea8d6d110a6a,1682442464,40,3092c360-a9db-4de5-9886-e0ce26a56e53,[]
c2eebf9b-cb66-4135-b042-97167bad3e71,1682442466,40,fed89ad8-ddcf-4ff2-9997-db7c9c64f3e3,[]
8eb2b741-708e-47e4-9507-c0b545e1362c,1682442464,41,5c2fd4d4-ae98-4520-be10-07f6e90bee97,[]
61e6316d-b4df-4f19-859b-1eef9e7c81c3,1682442465,41,97d5b2b0-8bc5-4d85-8089-e785e91db3c1,[]
b6758a63-d2a7-4168-94c1-d1f857a53371,1682442467,40,8e917757-281f-438d-9f37-252787ea0e00,[]
85e4b212-298f-46b3-acc3-7753cc0eaae9,1682442466,41,0f346cad-0ab0-4ad4-9f5d-a16e232b18b9,[]
02660c82-ddcc-4264-b5cc-4da1e1043116,1682442468,41,0557ca79-c19a-4afd-98b1-87b6278a2e14,[]
b4cc6db6-7e75-490f-bd54-ed4ad7a7d659,1682442468,42,d7bf28b8-2cba-4a2b-bbfa-5d2bdd98b626,[]
15722caf-5470-48a4-896e-7701ffc4f41c,1682442505,39,f7ee39fc-3937-4ed9-a696-eb759f2f30b0,[]
54c525fe-b045-4312-ab3e-183c544bbdb0,1682442507,39,0bef439b-4a42-4431-86db-d3618e341d9a,[]
298b7ee9-6301-48af-a7f1-38659317e91e,1682442507,39,f1271938-12e2-434d-928f-ca328e0b4e01,[]
17387810-c02f-42d5-9b31-938e27a8043d,1682442507,39,6c2e7986-5c09-436e-8814-241e35aa4ef6,[]
1c567cf4-db13-44ba-88c3-a60d79df75d1,1682442508,39,0038ce2e-a5f7-4356-a5c3-fb904ab6556f,[]
15e70d79-861d-49c8-8a38-452f57a208b3,1682442509,38,4fc4b6bf-c0d1-419a-8449-88402fbecb07,[]
19453d62-d120-4f27-9eb7-59825f71e686,1682442509,39,4d7bccbf-2d0b-47f8-9e42-f5cc8fec4142,[]
f2250be8-292c-48d1-afcc-1b1450a392c3,1682442510,38,0d4e50eb-5859-41c5-bea1-a2209266fd24,[]
14fef15a-f019-4846-a66f-ee5d59ebd192,1682442510,38,1e37ecda-49b3-4c60-8b73-f41998218daf,[]
c79233c3-5892-4622-af3f-aa7390b7f4cf,1682442511,39,a642d264-db09-4202-b324-5a45962b44e2,[]
673bc178-cb21-4fe5-8a0e-a5586cbb0267,1682442512,38,1029653d-5c2b-4b2f-aa23-c3a2b89fe94f,[]
3ba9a93c-1f7a-4ed8-974b-e162af4e2071,1682442513,38,882516cf-5dfb-4b3b-9f5b-88199632cbe2,[]
7645088d-31cf-4611-b353-07460bac415b,1682442548,36,8e3a1528-694b-463c-9cb7-0167f859e548,[]
a98878a1-0fdd-45eb-a15f-4d057f422b72,1682442549,35,bc0cfd46-eab0-4b42-95fb-03ec630e7dac,[]
8b0a1f00-3d79-4297-8ef1-877150492161,1682442549,35,d20060fd-62d3-411b-a24d-d63faa15f69a,[]
820dec1c-97fc-4f4e-bfed-c01b5196d043,1682442549,35,e795abaa-c6ff-46dd-8231-922e35f32a99,[]
59eef0b4-ba15-478d-baf9-d9278a6c3ef1,1682442550,35,122e6ee2-b4fc-4b5b-8233-bc84d6d4f4b4,[]
0b5b5cbe-4c21-438a-80f2-20d58abf0e41,1682442551,35,4f3d57e6-a312-40b8-ac96-112daff39633,[]
235a99f4-be8c-4854-bfa0-4447100e9383,1682442551,36,6c2ce1b1-82d7-40cb-b364-7fae104af769,[]
0f3fc3e1-4c8d-47aa-9eb1-c2f4a920c0c7,1682442551,35,0169fcef-349f-413b-98b6-2703eb3f4ba2,[]
41678db1-ea50-48fa-b078-9e721b3ba232,1682442552,35,ff6b8369-1528-41a5-99da-aed55fc1a4db,[]
64e7ba79-924b-4938-accb-72c58462ac23,1682442553,36,995567d0-cf1d-4ba4-a8fb-9ea34c3a99c8,[]
1db48a33-082e-4dab-ab73-5f80ac9d55fe,1682442554,36,ffe1ca04-c86d-4e1c-9a25-b53bfd197c11,[]
bf2998e4-64a2-4d87-9e11-cebbf672c7a6,1682442554,36,25444f00-f0f1-463d-8c46-10abf5368957,[]
d84d5229-32de-4dd5-a837-666cf5f4c24a,1682442587,40,0307790f-1f91-4b16-8271-08e1a25bec5d,[]
de3eab8e-1610-4b64-9103-128cc96e4f70,1682442587,40,97b032a4-3fd1-4c39-a526-27263c568a8c,[]
9be73246-82b6-4efa-b3ca-2c195b7bd9b5,1682442587,40,4f279022-ca83-4a03-8925-a56fc21eb70e,[]
9d049a08-1945-4c32-928c-c32f2c3884e7,1682442588,40,3be39433-545e-4061-b8ba-13eb600dbdab,[]
d9af0c74-9c29-432b-b583-7aeb58607da4,1682442588,40,450afc21-5c88-46c0-b8d6-4b0a04672850,[]
e981d487-984d-442b-8264-fa5364c08c3a,1682442589,40,289a17b2-fad3-4f85-a6b1-0eb2f34b3752,[]
b15d4f4e-5ea1-40fe-a615-c35ed13ed65e,1682442590,42,00077d37-c755-4aa5-a9ca-15e0548958cd,[]
b8e737f6-0575-417f-a5e6-67d39c218a13,1682442590,42,d4a35b6e-51aa-4eb5-b3f9-708eb5aace07,[]
4cc12086-6eee-4216-a1f6-45fa88a50761,1682442590,42,ffe54c35-e668-416f-ac14-2cab3bf4c302,[]
d7acbe51-1bba-4281-a518-1e964e4b3550,1682442592,42,96697df4-041d-4247-af65-7da5ba835109,[]
ce5f1e8e-7328-4711-8187-ffde83d7d4a5,1682442593,42,fe8fa87a-4b40-4532-a4b3-8c71883e2a52,[]
7b1ae6cc-27e7-483f-b98b-79d3242a4e92,1682442593,43,57b9c2f7-d234-4db2-80ac-05ffa3c2848c,[]
9b824529-954b-4df8-a7ec-9d4fdde2abc7,1682442631,41,dd81624a-36f9-4037-a4fd-ba2f99903e04,[]
37944d1b-6d33-4f67-b0ca-cfdecf81669e,1682442631,41,085b429a-fc2b-4439-afab-e44531f5626d,[]
f7c39da1-6576-44e3-8841-4a977d6ff916,1682442631,41,efa4e236-9889-4aa7-90d2-3e4169de1b53,[]
8dc6f5a7-08bb-4ec7-aba6-12f9babeea97,1682442632,41,385bc0d7-4503-45b5-8698-50853edc359e,[]
bbe5865e-8070-429e-a056-20c82362385f,1682442632,41,7482a525-1fbb-4bda-8a27-b48020a734fb,[]
8e9f7e0f-d1d0-4b6a-a05e-e828b8744f14,1682442633,41,617544a1-2dde-4dca-a5c6-ceb6e6b6f409,[]
fb69a56e-9d90-4a83-8f5d-b1940eae2d4b,1682442635,41,b7862ffe-84aa-4806-abb1-594dce4ea719,[]
0c725a8e-c078-45c7-aefb-ae1effacacd5,1682442636,41,86ef8c88-5e85-4a55-9b04-4e5608e14893,[]
1d47ed36-9759-43d0-b2e5-e3b143b06f25,1682442636,41,02033295-5d1d-499e-8ca9-5d42ff0b723a,[]
4d0a1190-6470-4748-95c9-94d5d2b58699,1682442638,41,6def8928-2a0e-4173-8535-b54482f4ce16,[]
b8db3e2c-fc96-4886-8cdf-3717840c316e,1682442639,41,91ed7738-da82-49e4-9ece-4dd131ae8cb0,[]
50323ef4-65f9-47eb-8416-b72b9e5899d2,1682442639,41,5855e07f-0bdb-432a-96ee-0792f17c0baa,[]
3cf06cee-df5c-4b1e-aac9-908c1d5ee9a3,1682442675,38,f8bf784d-2a91-48bf-98a7-e2ed1339e0a4,[]
6228a500-1d28-4982-bf55-afc00b3cbb9b,1682442675,38,7fc76da5-06bc-4f7e-b13b-704763017b30,[]
6193764a-b4d5-4021-8ba6-d785274826c2,1682442675,38,88c5b4af-30b0-4fd8-b607-8789077ee4c4,[]
6971abf9-4d5f-44a4-a47b-c5736813d75e,1682442676,38,6a50ba45-bb86-41fa-ace1-61bd7e8a704b,[]
66f5eb16-9b79-4095-bfe2-1b6c7405ea8e,1682442677,38,b05b2afe-17d4-4cf9-949a-aed9b0c67ce8,[]
87b5fa54-ab01-4188-a580-b81f2ff3af1a,1682442677,37,831c9bbf-edef-4d32-989c-b558bcd89e50,[]
b51c952a-f114-4443-90ab-22a7167c1e96,1682442679,38,108e22a2-d801-44e9-b6ee-4940b0e9f149,[]
e30df502-c77f-4d27-8fba-7e8d85e5bb34,1682442680,38,9d53206d-7c4d-41b3-8224-64f0a0be9af5,[]
e191a0bf-e17f-4177-9e5d-1343c930746c,1682442680,38,ab8932b0-16db-4c71-9aa5-254cd09e7dd5,[]
0b9b4a69-323e-4fdc-982f-99ba2782459d,1682442682,38,960a088a-46e7-4896-91bf-d9905043f9a7,[]
9d84ecda-a6c0-423d-89f3-c1be9853d72e,1682442683,38,3b78b910-eeb9-4355-841c-0e385be4f29b,[]
4221921a-1133-4271-ba06-8632c762763e,1682442683,38,83c7e672-74d9-448d-a27a-df01f02dedde,[]
eb51c7c9-9a80-4205-bf3e-1b01429c20b9,1682442716,40,639f2c92-1421-4c42-9fc1-928ea6735d61,[]
24f837c2-f9c5-41dc-9ca5-776a52e0ed58,1682442716,40,5bc1d2b3-c0d5-4954-971b-59beeaf9d624,[]
3a94ccc2-c98b-4c92-8f6c-b194a8607e84,1682442716,40,991d93e4-0bcb-4633-a477-13ce981ffa38,[]
5bdaf9af-f8fe-44e6-9639-0c4c6cf9aac0,1682442717,40,8eef84ae-0efb-4fa4-ba29-23cc808bd5ae,[]
8fcc6903-9686-486b-9f46-b47b557506f5,1682442717,40,4a76f8c7-eec8-4087-a6f9-c45c81366cef,[]
473ae33b-ff4a-4028-8be1-5855708e72a3,1682442718,40,1c6c6e5b-707f-4f92-ab3c-27e5bcd0671a,[]
aaab323a-56f2-4a3a-92ed-3cfa59c48d72,1682442720,42,43376280-91f0-44b4-bab3-6c45b15ba6d7,[]
81e54a33-86e7-4a44-9225-e995a6e2c177,1682442720,42,6bcd702c-ab6a-4d53-9f27-8bed51936d60,[]
7a4b8963-7653-48d9-ab4a-fc3658fcb9a8,1682442721,42,5e396080-0d68-48c1-92d6-207ef115994e,[]
3696358b-2677-4a62-b7f0-ca692ff2dcda,1682442723,42,13f4cf11-980d-412a-96c2-a210ccf33280,[]
ea2cc09b-ce1c-4287-9d8f-445c14180633,1682442724,42,f992443d-604b-468d-bbd3-c0fcf7f9fb83,[]
ef35a8a0-aba0-40c9-a5f3-bf5e19e488a7,1682442724,42,b80395fd-8e17-4492-ab42-fbb1391f2190,[]
2d05708e-49ef-4b10-8114-b515e5793896,1682442760,41,89f80e4d-59b9-40ce-b78b-38b831f032b5,[]
f4653bf6-a479-4981-9199-c5fe25ab8ed4,1682442760,41,1ec76a90-5857-44a0-ad25-d94ce8da5789,[]
807490c8-8a48-4639-bcf5-9137bfdd665f,1682442760,41,bf7efa64-7892-4bfd-bede-bc7dd011f346,[]
eb11eaf2-1be8-489e-9216-0749cbda29dd,1682442762,40,5bf18bb9-0769-4dbf-8843-cc07c64cf01c,[]
d6490abf-4a64-4724-9e69-9cff50c879cf,1682442762,40,982e212b-35b7-467c-80ae-f505533537da,[]
9c2af4fe-7eb3-4eaf-9872-da74028223b6,1682442763,40,777f1940-9c1c-44c0-b891-3bb33441a5af,[]
342d210a-c040-4a52-8314-93e1191e3ed4,1682442765,40,1ee81b53-7c68-4095-a279-d43a3056bb51,[]
9eee9171-ae94-4144-81df-c508a3f0153f,1682442765,40,c07972b2-e7eb-444f-a986-e881d47b9cd8,[]
3247f6a2-d4a4-4d95-b3de-78e4abc5de89,1682442766,41,81954398-cfd1-4dd5-a136-dc91aefb96fb,[]
53f4657b-a0b1-4664-8bf9-13d6ce6d491d,1682442768,41,8489bd3d-72c1-4809-8713-453d1cd3461c,[]
336ae4b2-f563-40c1-b38c-54c71df580cd,1682442769,41,fee74a0d-9af8-4e41-a48e-6d1b89c4d57d,[]
008e827b-3399-4910-a09f-e8a34cfe02a8,1682442770,41,972f713d-16cd-4ad1-92d3-696ce8dec937,[]
ce7f9053-8148-4e89-baa0-cb0bb719f3f4,1682442804,25,e19ad83d-95b5-4d55-ba7e-747824ab729d,[]
fec8b0ef-b2ba-4568-b005-df8557379fe4,1682442804,25,9ea31db3-be2d-4f42-aac1-f7256511bde7,[]
85d53ff2-c6d6-4229-99ef-19e9f852c5c8,1682442803,25,fe908fba-8a4e-4116-8dbc-b327c1b7b56a,[]
278fe2a5-0ca6-4820-ab67-f1628f9cbe3f,1682442805,24,217cce73-c087-47c9-ab43-3e0226071179,[]
67ceaeed-7ae1-485c-bd55-81f5d771ef9e,1682442806,24,34ec4e6f-f4b9-4ae1-af23-2d8446f86e40,[]
0e40007c-a001-4c39-bef5-23fa3e957484,1682442805,24,c26abed0-5b51-4dd3-8e14-189625448eb2,[]
